dataset,timestamp,msg_hash,ioc_content,ioc_description,id,ioc,ioc_title,ioc_type,ioc_id,first_seen,abuseurl,file_name,file_size,file_type,file_type_mime,last_seen,malwarebazaar,abusemalware,geoip,asn,psl
malwarebazaar,2026-07-06T01:10:12.084Z,05d83f7cfb6a6da5cb2afcb1daeb2e918605e11431c5d43f97bc9628134bcfd2,null,null,null,b228d31b6630a892200b4be0a4396c0f,null,FileHash-MD5,null,2026-07-06T01:01:45.000Z,null,run.sh,1875,sh,text/x-shellscript,null,"{""anonymous"":0,""code_sign"":[],""dhash_icon"":null,""file_name"":""run.sh"",""file_size"":1875,""file_type"":""sh"",""file_type_mime"":""text/x-shellscript"",""first_seen"":""2026-07-06 01:01:45"",""imphash"":null,""intelligence"":{""clamav"":null,""downloads"":""11"",""mail"":null,""uploads"":""1""},""last_seen"":null,""md5_hash"":""b228d31b6630a892200b4be0a4396c0f"",""origin_country"":""DE"",""reporter"":""abuse_ch"",""sha1_hash"":""712f8dac62d790602b7bb5c9e026ac53ef3ee2bb"",""sha256_hash"":""494f4666fe448e63d37a3d62b1a008aa8f1e2b234469703d321bdd877baaf38e"",""sha3_384_hash"":""383da35042e504889a4c91b9a4e59a732ba308586eeb10506138a5215918d30657ad9714ac2f5f66ca5b45936e9d946f"",""signature"":null,""ssdeep"":""12:+kfc0dt6hrNaKOOE6KODOqiDU7f/MGyK1Sk1ZSVbVVb1LBqSN0UN0KvtIQFe77X6:TfxcfFO0DYb/KUkK3D2U2MtwWAhYD"",""tags"":[""sh""],""telfhash"":null,""tlsh"":""T156312ECD3170D211C288FF01F3A18BE65A46FDC97A940EBAE4C11DB988ADD4D3425A35""}",null,null,null,null
malwarebazaar,2026-07-06T01:10:12.084Z,27634cf8ce48b07adfd8de5a145a65bfe7bb9e5f14fbfff68cca52ad3078064b,null,null,null,b2aa5a96937b777f3abd3db4b900aa73,null,FileHash-MD5,null,2026-07-06T00:56:41.000Z,null,WSW0,263,sh,text/x-shellscript,null,"{""anonymous"":0,""code_sign"":[],""dhash_icon"":null,""file_name"":""WSW0"",""file_size"":263,""file_type"":""sh"",""file_type_mime"":""text/x-shellscript"",""first_seen"":""2026-07-06 00:56:41"",""imphash"":null,""intelligence"":{""clamav"":null,""downloads"":""19"",""mail"":null,""uploads"":""1""},""last_seen"":null,""md5_hash"":""b2aa5a96937b777f3abd3db4b900aa73"",""origin_country"":""DE"",""reporter"":""abuse_ch"",""sha1_hash"":""0839cceacff37c17c1337ee3cdcffac7828e4ad8"",""sha256_hash"":""7d6005eb2ecd6880d6488ab364ab9edace9ec73f40ebe459f7c141ee5494b6b0"",""sha3_384_hash"":""c578cba5f83c9a5b0f12802307d7545a2909c844612808a7b69fff778372e02f6058983236b61d69dd42edcb3f232d17"",""signature"":null,""ssdeep"":""6:hT3w91atQnSSPnBLZbAulNXYq4HvXDG+NjVsNXYrkJ:VA91rxdZbPiq4HvXDGmKi2"",""tags"":[""sh""],""telfhash"":null,""tlsh"":""T1AFD02E636273223090E38891FAC2A400B2010B3E1C49A66EF00B16B06F0A348B8C1364""}",null,null,null,null
malwarebazaar,2026-07-06T01:10:12.084Z,ef9ab7b2b9f1e685246fb7635d95a25ca24329bd2c01f634d6dddc7bbf83574e,null,null,null,39f30afbc5e2c11383b60ae8e769621b,null,FileHash-MD5,null,2026-07-06T01:07:40.000Z,null,k.php,45517,sh,text/x-shellscript,null,"{""anonymous"":0,""code_sign"":[],""dhash_icon"":null,""file_name"":""k.php"",""file_size"":45517,""file_type"":""sh"",""file_type_mime"":""text/x-shellscript"",""first_seen"":""2026-07-06 01:07:40"",""imphash"":null,""intelligence"":{""clamav"":null,""downloads"":""2"",""mail"":null,""uploads"":""1""},""last_seen"":null,""md5_hash"":""39f30afbc5e2c11383b60ae8e769621b"",""origin_country"":""DE"",""reporter"":""abuse_ch"",""sha1_hash"":""a003b606034295911091cb301b35dd0124bba83d"",""sha256_hash"":""a7a2d9d304e931bae66a1059abb0b9eeb7f70b67c64981227bcb22b2205a9493"",""sha3_384_hash"":""f18c26335f81237da4ca39e87cab45c694b1625af13569a621847a22cbd368acc686b9a616a253a59790a0ded87b8547"",""signature"":null,""ssdeep"":""768:pXRWNGxV49GKYpr9GKYp82fkR4nnA9GKYpr9GKYp82fkR4nnx:jlx3co"",""tags"":[""sh""],""telfhash"":null,""tlsh"":""T138136C6526913C28AE9998371D7E1F0CBDAA83E2310491DDBFCB3CF18C19A9CD21871D""}",null,null,null,null
malwarebazaar,2026-07-06T01:10:12.084Z,05d83f7cfb6a6da5cb2afcb1daeb2e918605e11431c5d43f97bc9628134bcfd2,null,null,null,712f8dac62d790602b7bb5c9e026ac53ef3ee2bb,null,FileHash-SHA1,null,2026-07-06T01:01:45.000Z,null,run.sh,1875,sh,text/x-shellscript,null,"{""anonymous"":0,""code_sign"":[],""dhash_icon"":null,""file_name"":""run.sh"",""file_size"":1875,""file_type"":""sh"",""file_type_mime"":""text/x-shellscript"",""first_seen"":""2026-07-06 01:01:45"",""imphash"":null,""intelligence"":{""clamav"":null,""downloads"":""11"",""mail"":null,""uploads"":""1""},""last_seen"":null,""md5_hash"":""b228d31b6630a892200b4be0a4396c0f"",""origin_country"":""DE"",""reporter"":""abuse_ch"",""sha1_hash"":""712f8dac62d790602b7bb5c9e026ac53ef3ee2bb"",""sha256_hash"":""494f4666fe448e63d37a3d62b1a008aa8f1e2b234469703d321bdd877baaf38e"",""sha3_384_hash"":""383da35042e504889a4c91b9a4e59a732ba308586eeb10506138a5215918d30657ad9714ac2f5f66ca5b45936e9d946f"",""signature"":null,""ssdeep"":""12:+kfc0dt6hrNaKOOE6KODOqiDU7f/MGyK1Sk1ZSVbVVb1LBqSN0UN0KvtIQFe77X6:TfxcfFO0DYb/KUkK3D2U2MtwWAhYD"",""tags"":[""sh""],""telfhash"":null,""tlsh"":""T156312ECD3170D211C288FF01F3A18BE65A46FDC97A940EBAE4C11DB988ADD4D3425A35""}",null,null,null,null
malwarebazaar,2026-07-06T01:10:12.084Z,27634cf8ce48b07adfd8de5a145a65bfe7bb9e5f14fbfff68cca52ad3078064b,null,null,null,7d6005eb2ecd6880d6488ab364ab9edace9ec73f40ebe459f7c141ee5494b6b0,null,FileHash-SHA256,null,2026-07-06T00:56:41.000Z,null,WSW0,263,sh,text/x-shellscript,null,"{""anonymous"":0,""code_sign"":[],""dhash_icon"":null,""file_name"":""WSW0"",""file_size"":263,""file_type"":""sh"",""file_type_mime"":""text/x-shellscript"",""first_seen"":""2026-07-06 00:56:41"",""imphash"":null,""intelligence"":{""clamav"":null,""downloads"":""19"",""mail"":null,""uploads"":""1""},""last_seen"":null,""md5_hash"":""b2aa5a96937b777f3abd3db4b900aa73"",""origin_country"":""DE"",""reporter"":""abuse_ch"",""sha1_hash"":""0839cceacff37c17c1337ee3cdcffac7828e4ad8"",""sha256_hash"":""7d6005eb2ecd6880d6488ab364ab9edace9ec73f40ebe459f7c141ee5494b6b0"",""sha3_384_hash"":""c578cba5f83c9a5b0f12802307d7545a2909c844612808a7b69fff778372e02f6058983236b61d69dd42edcb3f232d17"",""signature"":null,""ssdeep"":""6:hT3w91atQnSSPnBLZbAulNXYq4HvXDG+NjVsNXYrkJ:VA91rxdZbPiq4HvXDGmKi2"",""tags"":[""sh""],""telfhash"":null,""tlsh"":""T1AFD02E636273223090E38891FAC2A400B2010B3E1C49A66EF00B16B06F0A348B8C1364""}",null,null,null,null
malwarebazaar,2026-07-06T01:10:12.084Z,05d83f7cfb6a6da5cb2afcb1daeb2e918605e11431c5d43f97bc9628134bcfd2,null,null,null,12:+kfc0dt6hrNaKOOE6KODOqiDU7f/MGyK1Sk1ZSVbVVb1LBqSN0UN0KvtIQFe77X6:TfxcfFO0DYb/KUkK3D2U2MtwWAhYD,null,FileHash-SSDEEP,null,2026-07-06T01:01:45.000Z,null,run.sh,1875,sh,text/x-shellscript,null,"{""anonymous"":0,""code_sign"":[],""dhash_icon"":null,""file_name"":""run.sh"",""file_size"":1875,""file_type"":""sh"",""file_type_mime"":""text/x-shellscript"",""first_seen"":""2026-07-06 01:01:45"",""imphash"":null,""intelligence"":{""clamav"":null,""downloads"":""11"",""mail"":null,""uploads"":""1""},""last_seen"":null,""md5_hash"":""b228d31b6630a892200b4be0a4396c0f"",""origin_country"":""DE"",""reporter"":""abuse_ch"",""sha1_hash"":""712f8dac62d790602b7bb5c9e026ac53ef3ee2bb"",""sha256_hash"":""494f4666fe448e63d37a3d62b1a008aa8f1e2b234469703d321bdd877baaf38e"",""sha3_384_hash"":""383da35042e504889a4c91b9a4e59a732ba308586eeb10506138a5215918d30657ad9714ac2f5f66ca5b45936e9d946f"",""signature"":null,""ssdeep"":""12:+kfc0dt6hrNaKOOE6KODOqiDU7f/MGyK1Sk1ZSVbVVb1LBqSN0UN0KvtIQFe77X6:TfxcfFO0DYb/KUkK3D2U2MtwWAhYD"",""tags"":[""sh""],""telfhash"":null,""tlsh"":""T156312ECD3170D211C288FF01F3A18BE65A46FDC97A940EBAE4C11DB988ADD4D3425A35""}",null,null,null,null
malwarebazaar,2026-07-06T01:10:12.084Z,05d83f7cfb6a6da5cb2afcb1daeb2e918605e11431c5d43f97bc9628134bcfd2,null,null,null,T156312ECD3170D211C288FF01F3A18BE65A46FDC97A940EBAE4C11DB988ADD4D3425A35,null,FileHash-TLSH,null,2026-07-06T01:01:45.000Z,null,run.sh,1875,sh,text/x-shellscript,null,"{""anonymous"":0,""code_sign"":[],""dhash_icon"":null,""file_name"":""run.sh"",""file_size"":1875,""file_type"":""sh"",""file_type_mime"":""text/x-shellscript"",""first_seen"":""2026-07-06 01:01:45"",""imphash"":null,""intelligence"":{""clamav"":null,""downloads"":""11"",""mail"":null,""uploads"":""1""},""last_seen"":null,""md5_hash"":""b228d31b6630a892200b4be0a4396c0f"",""origin_country"":""DE"",""reporter"":""abuse_ch"",""sha1_hash"":""712f8dac62d790602b7bb5c9e026ac53ef3ee2bb"",""sha256_hash"":""494f4666fe448e63d37a3d62b1a008aa8f1e2b234469703d321bdd877baaf38e"",""sha3_384_hash"":""383da35042e504889a4c91b9a4e59a732ba308586eeb10506138a5215918d30657ad9714ac2f5f66ca5b45936e9d946f"",""signature"":null,""ssdeep"":""12:+kfc0dt6hrNaKOOE6KODOqiDU7f/MGyK1Sk1ZSVbVVb1LBqSN0UN0KvtIQFe77X6:TfxcfFO0DYb/KUkK3D2U2MtwWAhYD"",""tags"":[""sh""],""telfhash"":null,""tlsh"":""T156312ECD3170D211C288FF01F3A18BE65A46FDC97A940EBAE4C11DB988ADD4D3425A35""}",null,null,null,null
malwarebazaar,2026-07-06T01:10:12.084Z,05d83f7cfb6a6da5cb2afcb1daeb2e918605e11431c5d43f97bc9628134bcfd2,null,null,null,494f4666fe448e63d37a3d62b1a008aa8f1e2b234469703d321bdd877baaf38e,null,FileHash-SHA256,null,2026-07-06T01:01:45.000Z,null,run.sh,1875,sh,text/x-shellscript,null,"{""anonymous"":0,""code_sign"":[],""dhash_icon"":null,""file_name"":""run.sh"",""file_size"":1875,""file_type"":""sh"",""file_type_mime"":""text/x-shellscript"",""first_seen"":""2026-07-06 01:01:45"",""imphash"":null,""intelligence"":{""clamav"":null,""downloads"":""11"",""mail"":null,""uploads"":""1""},""last_seen"":null,""md5_hash"":""b228d31b6630a892200b4be0a4396c0f"",""origin_country"":""DE"",""reporter"":""abuse_ch"",""sha1_hash"":""712f8dac62d790602b7bb5c9e026ac53ef3ee2bb"",""sha256_hash"":""494f4666fe448e63d37a3d62b1a008aa8f1e2b234469703d321bdd877baaf38e"",""sha3_384_hash"":""383da35042e504889a4c91b9a4e59a732ba308586eeb10506138a5215918d30657ad9714ac2f5f66ca5b45936e9d946f"",""signature"":null,""ssdeep"":""12:+kfc0dt6hrNaKOOE6KODOqiDU7f/MGyK1Sk1ZSVbVVb1LBqSN0UN0KvtIQFe77X6:TfxcfFO0DYb/KUkK3D2U2MtwWAhYD"",""tags"":[""sh""],""telfhash"":null,""tlsh"":""T156312ECD3170D211C288FF01F3A18BE65A46FDC97A940EBAE4C11DB988ADD4D3425A35""}",null,null,null,null
malwarebazaar,2026-07-06T01:10:12.084Z,27634cf8ce48b07adfd8de5a145a65bfe7bb9e5f14fbfff68cca52ad3078064b,null,null,null,0839cceacff37c17c1337ee3cdcffac7828e4ad8,null,FileHash-SHA1,null,2026-07-06T00:56:41.000Z,null,WSW0,263,sh,text/x-shellscript,null,"{""anonymous"":0,""code_sign"":[],""dhash_icon"":null,""file_name"":""WSW0"",""file_size"":263,""file_type"":""sh"",""file_type_mime"":""text/x-shellscript"",""first_seen"":""2026-07-06 00:56:41"",""imphash"":null,""intelligence"":{""clamav"":null,""downloads"":""19"",""mail"":null,""uploads"":""1""},""last_seen"":null,""md5_hash"":""b2aa5a96937b777f3abd3db4b900aa73"",""origin_country"":""DE"",""reporter"":""abuse_ch"",""sha1_hash"":""0839cceacff37c17c1337ee3cdcffac7828e4ad8"",""sha256_hash"":""7d6005eb2ecd6880d6488ab364ab9edace9ec73f40ebe459f7c141ee5494b6b0"",""sha3_384_hash"":""c578cba5f83c9a5b0f12802307d7545a2909c844612808a7b69fff778372e02f6058983236b61d69dd42edcb3f232d17"",""signature"":null,""ssdeep"":""6:hT3w91atQnSSPnBLZbAulNXYq4HvXDG+NjVsNXYrkJ:VA91rxdZbPiq4HvXDGmKi2"",""tags"":[""sh""],""telfhash"":null,""tlsh"":""T1AFD02E636273223090E38891FAC2A400B2010B3E1C49A66EF00B16B06F0A348B8C1364""}",null,null,null,null
malwarebazaar,2026-07-06T01:10:12.084Z,ef9ab7b2b9f1e685246fb7635d95a25ca24329bd2c01f634d6dddc7bbf83574e,null,null,null,f18c26335f81237da4ca39e87cab45c694b1625af13569a621847a22cbd368acc686b9a616a253a59790a0ded87b8547,null,FileHash-SHA384,null,2026-07-06T01:07:40.000Z,null,k.php,45517,sh,text/x-shellscript,null,"{""anonymous"":0,""code_sign"":[],""dhash_icon"":null,""file_name"":""k.php"",""file_size"":45517,""file_type"":""sh"",""file_type_mime"":""text/x-shellscript"",""first_seen"":""2026-07-06 01:07:40"",""imphash"":null,""intelligence"":{""clamav"":null,""downloads"":""2"",""mail"":null,""uploads"":""1""},""last_seen"":null,""md5_hash"":""39f30afbc5e2c11383b60ae8e769621b"",""origin_country"":""DE"",""reporter"":""abuse_ch"",""sha1_hash"":""a003b606034295911091cb301b35dd0124bba83d"",""sha256_hash"":""a7a2d9d304e931bae66a1059abb0b9eeb7f70b67c64981227bcb22b2205a9493"",""sha3_384_hash"":""f18c26335f81237da4ca39e87cab45c694b1625af13569a621847a22cbd368acc686b9a616a253a59790a0ded87b8547"",""signature"":null,""ssdeep"":""768:pXRWNGxV49GKYpr9GKYp82fkR4nnA9GKYpr9GKYp82fkR4nnx:jlx3co"",""tags"":[""sh""],""telfhash"":null,""tlsh"":""T138136C6526913C28AE9998371D7E1F0CBDAA83E2310491DDBFCB3CF18C19A9CD21871D""}",null,null,null,null
malwarebazaar,2026-07-06T01:10:12.084Z,ef9ab7b2b9f1e685246fb7635d95a25ca24329bd2c01f634d6dddc7bbf83574e,null,null,null,a003b606034295911091cb301b35dd0124bba83d,null,FileHash-SHA1,null,2026-07-06T01:07:40.000Z,null,k.php,45517,sh,text/x-shellscript,null,"{""anonymous"":0,""code_sign"":[],""dhash_icon"":null,""file_name"":""k.php"",""file_size"":45517,""file_type"":""sh"",""file_type_mime"":""text/x-shellscript"",""first_seen"":""2026-07-06 01:07:40"",""imphash"":null,""intelligence"":{""clamav"":null,""downloads"":""2"",""mail"":null,""uploads"":""1""},""last_seen"":null,""md5_hash"":""39f30afbc5e2c11383b60ae8e769621b"",""origin_country"":""DE"",""reporter"":""abuse_ch"",""sha1_hash"":""a003b606034295911091cb301b35dd0124bba83d"",""sha256_hash"":""a7a2d9d304e931bae66a1059abb0b9eeb7f70b67c64981227bcb22b2205a9493"",""sha3_384_hash"":""f18c26335f81237da4ca39e87cab45c694b1625af13569a621847a22cbd368acc686b9a616a253a59790a0ded87b8547"",""signature"":null,""ssdeep"":""768:pXRWNGxV49GKYpr9GKYp82fkR4nnA9GKYpr9GKYp82fkR4nnx:jlx3co"",""tags"":[""sh""],""telfhash"":null,""tlsh"":""T138136C6526913C28AE9998371D7E1F0CBDAA83E2310491DDBFCB3CF18C19A9CD21871D""}",null,null,null,null
malwarebazaar,2026-07-06T01:10:12.084Z,ef9ab7b2b9f1e685246fb7635d95a25ca24329bd2c01f634d6dddc7bbf83574e,null,null,null,T138136C6526913C28AE9998371D7E1F0CBDAA83E2310491DDBFCB3CF18C19A9CD21871D,null,FileHash-TLSH,null,2026-07-06T01:07:40.000Z,null,k.php,45517,sh,text/x-shellscript,null,"{""anonymous"":0,""code_sign"":[],""dhash_icon"":null,""file_name"":""k.php"",""file_size"":45517,""file_type"":""sh"",""file_type_mime"":""text/x-shellscript"",""first_seen"":""2026-07-06 01:07:40"",""imphash"":null,""intelligence"":{""clamav"":null,""downloads"":""2"",""mail"":null,""uploads"":""1""},""last_seen"":null,""md5_hash"":""39f30afbc5e2c11383b60ae8e769621b"",""origin_country"":""DE"",""reporter"":""abuse_ch"",""sha1_hash"":""a003b606034295911091cb301b35dd0124bba83d"",""sha256_hash"":""a7a2d9d304e931bae66a1059abb0b9eeb7f70b67c64981227bcb22b2205a9493"",""sha3_384_hash"":""f18c26335f81237da4ca39e87cab45c694b1625af13569a621847a22cbd368acc686b9a616a253a59790a0ded87b8547"",""signature"":null,""ssdeep"":""768:pXRWNGxV49GKYpr9GKYp82fkR4nnA9GKYpr9GKYp82fkR4nnx:jlx3co"",""tags"":[""sh""],""telfhash"":null,""tlsh"":""T138136C6526913C28AE9998371D7E1F0CBDAA83E2310491DDBFCB3CF18C19A9CD21871D""}",null,null,null,null
malwarebazaar,2026-07-06T01:10:12.084Z,ef9ab7b2b9f1e685246fb7635d95a25ca24329bd2c01f634d6dddc7bbf83574e,null,null,null,a7a2d9d304e931bae66a1059abb0b9eeb7f70b67c64981227bcb22b2205a9493,null,FileHash-SHA256,null,2026-07-06T01:07:40.000Z,null,k.php,45517,sh,text/x-shellscript,null,"{""anonymous"":0,""code_sign"":[],""dhash_icon"":null,""file_name"":""k.php"",""file_size"":45517,""file_type"":""sh"",""file_type_mime"":""text/x-shellscript"",""first_seen"":""2026-07-06 01:07:40"",""imphash"":null,""intelligence"":{""clamav"":null,""downloads"":""2"",""mail"":null,""uploads"":""1""},""last_seen"":null,""md5_hash"":""39f30afbc5e2c11383b60ae8e769621b"",""origin_country"":""DE"",""reporter"":""abuse_ch"",""sha1_hash"":""a003b606034295911091cb301b35dd0124bba83d"",""sha256_hash"":""a7a2d9d304e931bae66a1059abb0b9eeb7f70b67c64981227bcb22b2205a9493"",""sha3_384_hash"":""f18c26335f81237da4ca39e87cab45c694b1625af13569a621847a22cbd368acc686b9a616a253a59790a0ded87b8547"",""signature"":null,""ssdeep"":""768:pXRWNGxV49GKYpr9GKYp82fkR4nnA9GKYpr9GKYp82fkR4nnx:jlx3co"",""tags"":[""sh""],""telfhash"":null,""tlsh"":""T138136C6526913C28AE9998371D7E1F0CBDAA83E2310491DDBFCB3CF18C19A9CD21871D""}",null,null,null,null
malwarebazaar,2026-07-06T01:10:12.084Z,05d83f7cfb6a6da5cb2afcb1daeb2e918605e11431c5d43f97bc9628134bcfd2,null,null,null,383da35042e504889a4c91b9a4e59a732ba308586eeb10506138a5215918d30657ad9714ac2f5f66ca5b45936e9d946f,null,FileHash-SHA384,null,2026-07-06T01:01:45.000Z,null,run.sh,1875,sh,text/x-shellscript,null,"{""anonymous"":0,""code_sign"":[],""dhash_icon"":null,""file_name"":""run.sh"",""file_size"":1875,""file_type"":""sh"",""file_type_mime"":""text/x-shellscript"",""first_seen"":""2026-07-06 01:01:45"",""imphash"":null,""intelligence"":{""clamav"":null,""downloads"":""11"",""mail"":null,""uploads"":""1""},""last_seen"":null,""md5_hash"":""b228d31b6630a892200b4be0a4396c0f"",""origin_country"":""DE"",""reporter"":""abuse_ch"",""sha1_hash"":""712f8dac62d790602b7bb5c9e026ac53ef3ee2bb"",""sha256_hash"":""494f4666fe448e63d37a3d62b1a008aa8f1e2b234469703d321bdd877baaf38e"",""sha3_384_hash"":""383da35042e504889a4c91b9a4e59a732ba308586eeb10506138a5215918d30657ad9714ac2f5f66ca5b45936e9d946f"",""signature"":null,""ssdeep"":""12:+kfc0dt6hrNaKOOE6KODOqiDU7f/MGyK1Sk1ZSVbVVb1LBqSN0UN0KvtIQFe77X6:TfxcfFO0DYb/KUkK3D2U2MtwWAhYD"",""tags"":[""sh""],""telfhash"":null,""tlsh"":""T156312ECD3170D211C288FF01F3A18BE65A46FDC97A940EBAE4C11DB988ADD4D3425A35""}",null,null,null,null
malwarebazaar,2026-07-06T01:10:12.084Z,ef9ab7b2b9f1e685246fb7635d95a25ca24329bd2c01f634d6dddc7bbf83574e,null,null,null,768:pXRWNGxV49GKYpr9GKYp82fkR4nnA9GKYpr9GKYp82fkR4nnx:jlx3co,null,FileHash-SSDEEP,null,2026-07-06T01:07:40.000Z,null,k.php,45517,sh,text/x-shellscript,null,"{""anonymous"":0,""code_sign"":[],""dhash_icon"":null,""file_name"":""k.php"",""file_size"":45517,""file_type"":""sh"",""file_type_mime"":""text/x-shellscript"",""first_seen"":""2026-07-06 01:07:40"",""imphash"":null,""intelligence"":{""clamav"":null,""downloads"":""2"",""mail"":null,""uploads"":""1""},""last_seen"":null,""md5_hash"":""39f30afbc5e2c11383b60ae8e769621b"",""origin_country"":""DE"",""reporter"":""abuse_ch"",""sha1_hash"":""a003b606034295911091cb301b35dd0124bba83d"",""sha256_hash"":""a7a2d9d304e931bae66a1059abb0b9eeb7f70b67c64981227bcb22b2205a9493"",""sha3_384_hash"":""f18c26335f81237da4ca39e87cab45c694b1625af13569a621847a22cbd368acc686b9a616a253a59790a0ded87b8547"",""signature"":null,""ssdeep"":""768:pXRWNGxV49GKYpr9GKYp82fkR4nnA9GKYpr9GKYp82fkR4nnx:jlx3co"",""tags"":[""sh""],""telfhash"":null,""tlsh"":""T138136C6526913C28AE9998371D7E1F0CBDAA83E2310491DDBFCB3CF18C19A9CD21871D""}",null,null,null,null
malwarebazaar,2026-07-06T01:10:12.084Z,27634cf8ce48b07adfd8de5a145a65bfe7bb9e5f14fbfff68cca52ad3078064b,null,null,null,T1AFD02E636273223090E38891FAC2A400B2010B3E1C49A66EF00B16B06F0A348B8C1364,null,FileHash-TLSH,null,2026-07-06T00:56:41.000Z,null,WSW0,263,sh,text/x-shellscript,null,"{""anonymous"":0,""code_sign"":[],""dhash_icon"":null,""file_name"":""WSW0"",""file_size"":263,""file_type"":""sh"",""file_type_mime"":""text/x-shellscript"",""first_seen"":""2026-07-06 00:56:41"",""imphash"":null,""intelligence"":{""clamav"":null,""downloads"":""19"",""mail"":null,""uploads"":""1""},""last_seen"":null,""md5_hash"":""b2aa5a96937b777f3abd3db4b900aa73"",""origin_country"":""DE"",""reporter"":""abuse_ch"",""sha1_hash"":""0839cceacff37c17c1337ee3cdcffac7828e4ad8"",""sha256_hash"":""7d6005eb2ecd6880d6488ab364ab9edace9ec73f40ebe459f7c141ee5494b6b0"",""sha3_384_hash"":""c578cba5f83c9a5b0f12802307d7545a2909c844612808a7b69fff778372e02f6058983236b61d69dd42edcb3f232d17"",""signature"":null,""ssdeep"":""6:hT3w91atQnSSPnBLZbAulNXYq4HvXDG+NjVsNXYrkJ:VA91rxdZbPiq4HvXDGmKi2"",""tags"":[""sh""],""telfhash"":null,""tlsh"":""T1AFD02E636273223090E38891FAC2A400B2010B3E1C49A66EF00B16B06F0A348B8C1364""}",null,null,null,null
malwarebazaar,2026-07-06T01:10:12.084Z,27634cf8ce48b07adfd8de5a145a65bfe7bb9e5f14fbfff68cca52ad3078064b,null,null,null,c578cba5f83c9a5b0f12802307d7545a2909c844612808a7b69fff778372e02f6058983236b61d69dd42edcb3f232d17,null,FileHash-SHA384,null,2026-07-06T00:56:41.000Z,null,WSW0,263,sh,text/x-shellscript,null,"{""anonymous"":0,""code_sign"":[],""dhash_icon"":null,""file_name"":""WSW0"",""file_size"":263,""file_type"":""sh"",""file_type_mime"":""text/x-shellscript"",""first_seen"":""2026-07-06 00:56:41"",""imphash"":null,""intelligence"":{""clamav"":null,""downloads"":""19"",""mail"":null,""uploads"":""1""},""last_seen"":null,""md5_hash"":""b2aa5a96937b777f3abd3db4b900aa73"",""origin_country"":""DE"",""reporter"":""abuse_ch"",""sha1_hash"":""0839cceacff37c17c1337ee3cdcffac7828e4ad8"",""sha256_hash"":""7d6005eb2ecd6880d6488ab364ab9edace9ec73f40ebe459f7c141ee5494b6b0"",""sha3_384_hash"":""c578cba5f83c9a5b0f12802307d7545a2909c844612808a7b69fff778372e02f6058983236b61d69dd42edcb3f232d17"",""signature"":null,""ssdeep"":""6:hT3w91atQnSSPnBLZbAulNXYq4HvXDG+NjVsNXYrkJ:VA91rxdZbPiq4HvXDGmKi2"",""tags"":[""sh""],""telfhash"":null,""tlsh"":""T1AFD02E636273223090E38891FAC2A400B2010B3E1C49A66EF00B16B06F0A348B8C1364""}",null,null,null,null
malwarebazaar,2026-07-06T01:10:12.084Z,27634cf8ce48b07adfd8de5a145a65bfe7bb9e5f14fbfff68cca52ad3078064b,null,null,null,6:hT3w91atQnSSPnBLZbAulNXYq4HvXDG+NjVsNXYrkJ:VA91rxdZbPiq4HvXDGmKi2,null,FileHash-SSDEEP,null,2026-07-06T00:56:41.000Z,null,WSW0,263,sh,text/x-shellscript,null,"{""anonymous"":0,""code_sign"":[],""dhash_icon"":null,""file_name"":""WSW0"",""file_size"":263,""file_type"":""sh"",""file_type_mime"":""text/x-shellscript"",""first_seen"":""2026-07-06 00:56:41"",""imphash"":null,""intelligence"":{""clamav"":null,""downloads"":""19"",""mail"":null,""uploads"":""1""},""last_seen"":null,""md5_hash"":""b2aa5a96937b777f3abd3db4b900aa73"",""origin_country"":""DE"",""reporter"":""abuse_ch"",""sha1_hash"":""0839cceacff37c17c1337ee3cdcffac7828e4ad8"",""sha256_hash"":""7d6005eb2ecd6880d6488ab364ab9edace9ec73f40ebe459f7c141ee5494b6b0"",""sha3_384_hash"":""c578cba5f83c9a5b0f12802307d7545a2909c844612808a7b69fff778372e02f6058983236b61d69dd42edcb3f232d17"",""signature"":null,""ssdeep"":""6:hT3w91atQnSSPnBLZbAulNXYq4HvXDG+NjVsNXYrkJ:VA91rxdZbPiq4HvXDGmKi2"",""tags"":[""sh""],""telfhash"":null,""tlsh"":""T1AFD02E636273223090E38891FAC2A400B2010B3E1C49A66EF00B16B06F0A348B8C1364""}",null,null,null,null
abusemalware,2026-07-06T01:10:11.635Z,b32191d4455c509659ccbd055b08c2773570a2f83cfd763f81782ae4ed61602d,null,null,null,24576:AK7dpntkxGtheLLtheLOY+o5Y+oWcl3+DYVa8vX7Z7Q0QRLq5TElkKuqH82HD9rS:b2CheLJheLkofoWeX7INqWlkK9Hp9GW6,null,FileHash-SSDEEP,null,2026-07-06T00:51:34.000Z,null,null,1532267,zip,null,null,null,"{""file_size"":""1532267"",""file_type"":""zip"",""firstseen"":""2026-07-06 00:51:34"",""imphash"":null,""md5_hash"":""68ae982d886d13bc02b4c94418dd5215"",""sha256_hash"":""cf3bc60a13f6c8069bd3afa495ceee42180b9dee7540580696fc870bbd05e6c7"",""signature"":null,""ssdeep"":""24576:AK7dpntkxGtheLLtheLOY+o5Y+oWcl3+DYVa8vX7Z7Q0QRLq5TElkKuqH82HD9rS:b2CheLJheLkofoWeX7INqWlkK9Hp9GW6"",""tlsh"":""T17E6523B6F78F1FE8F13259F20A4975D6BC420EC6401D49444E6B35252A3A4DEF306B"",""urlhaus_download"":""https://urlhaus-api.abuse.ch/v1/download/cf3bc60a13f6c8069bd3afa495ceee42180b9dee7540580696fc870bbd05e6c7/"",""virustotal"":null}",null,null,null
abusemalware,2026-07-06T01:10:11.635Z,b32191d4455c509659ccbd055b08c2773570a2f83cfd763f81782ae4ed61602d,null,null,null,68ae982d886d13bc02b4c94418dd5215,null,FileHash-MD5,null,2026-07-06T00:51:34.000Z,null,null,1532267,zip,null,null,null,"{""file_size"":""1532267"",""file_type"":""zip"",""firstseen"":""2026-07-06 00:51:34"",""imphash"":null,""md5_hash"":""68ae982d886d13bc02b4c94418dd5215"",""sha256_hash"":""cf3bc60a13f6c8069bd3afa495ceee42180b9dee7540580696fc870bbd05e6c7"",""signature"":null,""ssdeep"":""24576:AK7dpntkxGtheLLtheLOY+o5Y+oWcl3+DYVa8vX7Z7Q0QRLq5TElkKuqH82HD9rS:b2CheLJheLkofoWeX7INqWlkK9Hp9GW6"",""tlsh"":""T17E6523B6F78F1FE8F13259F20A4975D6BC420EC6401D49444E6B35252A3A4DEF306B"",""urlhaus_download"":""https://urlhaus-api.abuse.ch/v1/download/cf3bc60a13f6c8069bd3afa495ceee42180b9dee7540580696fc870bbd05e6c7/"",""virustotal"":null}",null,null,null
abusemalware,2026-07-06T01:10:11.635Z,b32191d4455c509659ccbd055b08c2773570a2f83cfd763f81782ae4ed61602d,null,null,null,cf3bc60a13f6c8069bd3afa495ceee42180b9dee7540580696fc870bbd05e6c7,null,FileHash-SHA256,null,2026-07-06T00:51:34.000Z,null,null,1532267,zip,null,null,null,"{""file_size"":""1532267"",""file_type"":""zip"",""firstseen"":""2026-07-06 00:51:34"",""imphash"":null,""md5_hash"":""68ae982d886d13bc02b4c94418dd5215"",""sha256_hash"":""cf3bc60a13f6c8069bd3afa495ceee42180b9dee7540580696fc870bbd05e6c7"",""signature"":null,""ssdeep"":""24576:AK7dpntkxGtheLLtheLOY+o5Y+oWcl3+DYVa8vX7Z7Q0QRLq5TElkKuqH82HD9rS:b2CheLJheLkofoWeX7INqWlkK9Hp9GW6"",""tlsh"":""T17E6523B6F78F1FE8F13259F20A4975D6BC420EC6401D49444E6B35252A3A4DEF306B"",""urlhaus_download"":""https://urlhaus-api.abuse.ch/v1/download/cf3bc60a13f6c8069bd3afa495ceee42180b9dee7540580696fc870bbd05e6c7/"",""virustotal"":null}",null,null,null
abusemalware,2026-07-06T01:10:11.635Z,b32191d4455c509659ccbd055b08c2773570a2f83cfd763f81782ae4ed61602d,null,null,null,T17E6523B6F78F1FE8F13259F20A4975D6BC420EC6401D49444E6B35252A3A4DEF306B,null,FileHash-TLSH,null,2026-07-06T00:51:34.000Z,null,null,1532267,zip,null,null,null,"{""file_size"":""1532267"",""file_type"":""zip"",""firstseen"":""2026-07-06 00:51:34"",""imphash"":null,""md5_hash"":""68ae982d886d13bc02b4c94418dd5215"",""sha256_hash"":""cf3bc60a13f6c8069bd3afa495ceee42180b9dee7540580696fc870bbd05e6c7"",""signature"":null,""ssdeep"":""24576:AK7dpntkxGtheLLtheLOY+o5Y+oWcl3+DYVa8vX7Z7Q0QRLq5TElkKuqH82HD9rS:b2CheLJheLkofoWeX7INqWlkK9Hp9GW6"",""tlsh"":""T17E6523B6F78F1FE8F13259F20A4975D6BC420EC6401D49444E6B35252A3A4DEF306B"",""urlhaus_download"":""https://urlhaus-api.abuse.ch/v1/download/cf3bc60a13f6c8069bd3afa495ceee42180b9dee7540580696fc870bbd05e6c7/"",""virustotal"":null}",null,null,null
abusemalware,2026-07-06T01:10:11.634Z,dcab53971e4dcd1d18806a9ff7ba0a3b181edf58288aeded6533d29636c2e334,null,null,null,b432d544f48bb0c8887e368ca4bdc0d4af9932ebdc973702e4021aa6fffa86aa,null,FileHash-SHA256,null,2026-07-06T01:04:36.000Z,null,null,92721,html,null,null,null,"{""file_size"":""92721"",""file_type"":""html"",""firstseen"":""2026-07-06 01:04:36"",""imphash"":null,""md5_hash"":""e71537e32f12d5202b47b95e613720c5"",""sha256_hash"":""b432d544f48bb0c8887e368ca4bdc0d4af9932ebdc973702e4021aa6fffa86aa"",""signature"":null,""ssdeep"":""1536:UUf60p1wbdWkkg1YpA3EHY7Y3YdpYsYNYRY4YPYaIEGJ07kmVlOlkn0q4i/sGh5Y:UU8bypA3E4UIdKpmi9wrreRyk0q4i//o"",""tlsh"":""T1C9933071EA000CE71F0714C5E32D773E312B978EAA134AD0BEEE99A16BC1970B6759"",""urlhaus_download"":""https://urlhaus-api.abuse.ch/v1/download/b432d544f48bb0c8887e368ca4bdc0d4af9932ebdc973702e4021aa6fffa86aa/"",""virustotal"":null}",null,null,null
abusemalware,2026-07-06T01:10:11.634Z,54b9d27352f64f3b4a14205220ebcb651c8d437e1d37520798a2087a73359f59,null,null,null,f010f0e910cca05928f46d4121148075d05e8f98ce8af7551474e7fd4591df1c,null,FileHash-SHA256,null,2026-07-06T01:03:08.000Z,null,null,4635,html,null,null,null,"{""file_size"":""4635"",""file_type"":""html"",""firstseen"":""2026-07-06 01:03:08"",""imphash"":null,""md5_hash"":""6eff08ab0b95369b0cdbf07ed1e45a45"",""sha256_hash"":""f010f0e910cca05928f46d4121148075d05e8f98ce8af7551474e7fd4591df1c"",""signature"":null,""ssdeep"":""96:nItDJYtoAJS8ffKH1NPIX4rDJcs01cq4o5nZ2nX12epKED7B6YI:IVJYtoA1ffqzr/Jcs0BbHego7I"",""tlsh"":""T196A11A76B785703E9BE110EAD07B972C763E921434078062D7ADFCE13D60E4A4097F"",""urlhaus_download"":""https://urlhaus-api.abuse.ch/v1/download/f010f0e910cca05928f46d4121148075d05e8f98ce8af7551474e7fd4591df1c/"",""virustotal"":null}",null,null,null
abusemalware,2026-07-06T01:10:11.634Z,54b9d27352f64f3b4a14205220ebcb651c8d437e1d37520798a2087a73359f59,null,null,null,T196A11A76B785703E9BE110EAD07B972C763E921434078062D7ADFCE13D60E4A4097F,null,FileHash-TLSH,null,2026-07-06T01:03:08.000Z,null,null,4635,html,null,null,null,"{""file_size"":""4635"",""file_type"":""html"",""firstseen"":""2026-07-06 01:03:08"",""imphash"":null,""md5_hash"":""6eff08ab0b95369b0cdbf07ed1e45a45"",""sha256_hash"":""f010f0e910cca05928f46d4121148075d05e8f98ce8af7551474e7fd4591df1c"",""signature"":null,""ssdeep"":""96:nItDJYtoAJS8ffKH1NPIX4rDJcs01cq4o5nZ2nX12epKED7B6YI:IVJYtoA1ffqzr/Jcs0BbHego7I"",""tlsh"":""T196A11A76B785703E9BE110EAD07B972C763E921434078062D7ADFCE13D60E4A4097F"",""urlhaus_download"":""https://urlhaus-api.abuse.ch/v1/download/f010f0e910cca05928f46d4121148075d05e8f98ce8af7551474e7fd4591df1c/"",""virustotal"":null}",null,null,null
abusemalware,2026-07-06T01:10:11.634Z,7b30f6b2cb1d3a7e0b76b44bbcd8d53b4d6e825189787bf8bd656c74b7bdf0f7,null,null,null,e5cd912249a8a9a839a52b4315a12d87c286867a7345803b10d15265d7ffd7a1,null,FileHash-SHA256,null,2026-07-06T01:07:47.000Z,null,null,147844,html,null,null,null,"{""file_size"":""147844"",""file_type"":""html"",""firstseen"":""2026-07-06 01:07:47"",""imphash"":null,""md5_hash"":""cd94863a395ab522c49e8c0fc29a3a31"",""sha256_hash"":""e5cd912249a8a9a839a52b4315a12d87c286867a7345803b10d15265d7ffd7a1"",""signature"":null,""ssdeep"":""1536:omtAJOJaUS7N/2npSIRD5UM4Wr527NJ2pNAz/NXVUTXhBIPWsUM/n4ziKZHWeS:oYAJWu8nF1NAzFXVrPeM/nHKZHw"",""tlsh"":""T132E3FAC8B6A1B49593A3B4F5012F000BB23A7C6AF4589CACF28DD5E26F74559412BF"",""urlhaus_download"":""https://urlhaus-api.abuse.ch/v1/download/e5cd912249a8a9a839a52b4315a12d87c286867a7345803b10d15265d7ffd7a1/"",""virustotal"":null}",null,null,null
abusemalware,2026-07-06T01:10:11.634Z,2de422e630eca95e3a55f76c932e5f775179d080ef2138bc1bea0cd49f605434,null,null,null,T156312ECD3170D211C288FF01F3A18BE65A46FDC97A940EBAE4C11DB988ADD4D3425A,null,FileHash-TLSH,null,2026-07-06T01:00:13.000Z,null,null,1875,sh,null,null,null,"{""file_size"":""1875"",""file_type"":""sh"",""firstseen"":""2026-07-06 01:00:13"",""imphash"":null,""md5_hash"":""b228d31b6630a892200b4be0a4396c0f"",""sha256_hash"":""494f4666fe448e63d37a3d62b1a008aa8f1e2b234469703d321bdd877baaf38e"",""signature"":null,""ssdeep"":""12:+kfc0dt6hrNaKOOE6KODOqiDU7f/MGyK1Sk1ZSVbVVb1LBqSN0UN0KvtIQFe77X6:TfxcfFO0DYb/KUkK3D2U2MtwWAhYD"",""tlsh"":""T156312ECD3170D211C288FF01F3A18BE65A46FDC97A940EBAE4C11DB988ADD4D3425A"",""urlhaus_download"":""https://urlhaus-api.abuse.ch/v1/download/494f4666fe448e63d37a3d62b1a008aa8f1e2b234469703d321bdd877baaf38e/"",""virustotal"":null}",null,null,null
abusemalware,2026-07-06T01:10:11.634Z,7b30f6b2cb1d3a7e0b76b44bbcd8d53b4d6e825189787bf8bd656c74b7bdf0f7,null,null,null,cd94863a395ab522c49e8c0fc29a3a31,null,FileHash-MD5,null,2026-07-06T01:07:47.000Z,null,null,147844,html,null,null,null,"{""file_size"":""147844"",""file_type"":""html"",""firstseen"":""2026-07-06 01:07:47"",""imphash"":null,""md5_hash"":""cd94863a395ab522c49e8c0fc29a3a31"",""sha256_hash"":""e5cd912249a8a9a839a52b4315a12d87c286867a7345803b10d15265d7ffd7a1"",""signature"":null,""ssdeep"":""1536:omtAJOJaUS7N/2npSIRD5UM4Wr527NJ2pNAz/NXVUTXhBIPWsUM/n4ziKZHWeS:oYAJWu8nF1NAzFXVrPeM/nHKZHw"",""tlsh"":""T132E3FAC8B6A1B49593A3B4F5012F000BB23A7C6AF4589CACF28DD5E26F74559412BF"",""urlhaus_download"":""https://urlhaus-api.abuse.ch/v1/download/e5cd912249a8a9a839a52b4315a12d87c286867a7345803b10d15265d7ffd7a1/"",""virustotal"":null}",null,null,null
abusemalware,2026-07-06T01:10:11.634Z,f56ed61bbe85803a865e018ec080cf285e942c2843b3ae2b8c5fea9b6a5f3fe2,null,null,null,58697bd8f7e83e6002bf40a551b570f8,null,FileHash-MD5,null,2026-07-06T01:03:18.000Z,null,null,6716,html,null,null,null,"{""file_size"":""6716"",""file_type"":""html"",""firstseen"":""2026-07-06 01:03:18"",""imphash"":null,""md5_hash"":""58697bd8f7e83e6002bf40a551b570f8"",""sha256_hash"":""4ddc1532196a75d403a9685ac59a40bb53ec4f34fa3841fa9c9234955d5acd41"",""signature"":null,""ssdeep"":""192:OUQ2tNonIE/CTKoyueeaYoHsfOBro2Tc/e:O4yIJaYoHsfO2/e"",""tlsh"":""T1DBD1A786ACF32919640B506CCBBEB21830599057870ACD9CFECC75A8DF4D1A89626F"",""urlhaus_download"":""https://urlhaus-api.abuse.ch/v1/download/4ddc1532196a75d403a9685ac59a40bb53ec4f34fa3841fa9c9234955d5acd41/"",""virustotal"":null}",null,null,null
abusemalware,2026-07-06T01:10:11.634Z,eaf328d9e9cf4bc08834452333edf559927f0fd5879a072b6689cd51accbf594,null,null,null,c54b4d1505242443573e8c969b777336,null,FileHash-MD5,null,2026-07-06T01:07:24.000Z,null,null,148453,html,null,null,null,"{""file_size"":""148453"",""file_type"":""html"",""firstseen"":""2026-07-06 01:07:24"",""imphash"":null,""md5_hash"":""c54b4d1505242443573e8c969b777336"",""sha256_hash"":""f65f1db3a3ac83c79c434dd939db86bbf8dad1827856c6483a31c9be32726197"",""signature"":null,""ssdeep"":""1536:y0t+xJJaUS7N/2nk5IRR+UFCWr527NJ2pNAz/NXVUTXhBIPWsUM/n4ziKZHWeS:ym+xnu8nH1NAzFXVrPeM/nHKZHw"",""tlsh"":""T1E9E3FAC8B6A1B4A593A3B4F5012F010BB13A7C6AF4589CACF28DD5E16FB4559012BF"",""urlhaus_download"":""https://urlhaus-api.abuse.ch/v1/download/f65f1db3a3ac83c79c434dd939db86bbf8dad1827856c6483a31c9be32726197/"",""virustotal"":null}",null,null,null
abusemalware,2026-07-06T01:10:11.634Z,97561fc3e54b168d454b194990e55961403c0156a9753b927015edbf92d72a85,null,null,null,bbe8b33f25f51f746f0393d9bd9f79cd,null,FileHash-MD5,null,2026-07-06T01:01:12.000Z,null,null,950589,html,null,null,null,"{""file_size"":""950589"",""file_type"":""html"",""firstseen"":""2026-07-06 01:01:12"",""imphash"":null,""md5_hash"":""bbe8b33f25f51f746f0393d9bd9f79cd"",""sha256_hash"":""23fb9a7163a6dc26289e0b5bbccd4b001bf1cc88349bbe2da4dda31d4308ff86"",""signature"":null,""ssdeep"":""6144:PCGq3j6/8+Gq3j6/8+Iq3j6/8+tq3j6/8+eq3j6/8++IV2QISNt1/mbm4wrgAPfA:PC4IVObm9EAP50RH"",""tlsh"":""T13715B6DF9231A13FF833A5F5D6C5A946F2958DD1F5060AB6BC70AA1343EBAE612413"",""urlhaus_download"":""https://urlhaus-api.abuse.ch/v1/download/23fb9a7163a6dc26289e0b5bbccd4b001bf1cc88349bbe2da4dda31d4308ff86/"",""virustotal"":null}",null,null,null
abusemalware,2026-07-06T01:10:11.634Z,dcab53971e4dcd1d18806a9ff7ba0a3b181edf58288aeded6533d29636c2e334,null,null,null,e71537e32f12d5202b47b95e613720c5,null,FileHash-MD5,null,2026-07-06T01:04:36.000Z,null,null,92721,html,null,null,null,"{""file_size"":""92721"",""file_type"":""html"",""firstseen"":""2026-07-06 01:04:36"",""imphash"":null,""md5_hash"":""e71537e32f12d5202b47b95e613720c5"",""sha256_hash"":""b432d544f48bb0c8887e368ca4bdc0d4af9932ebdc973702e4021aa6fffa86aa"",""signature"":null,""ssdeep"":""1536:UUf60p1wbdWkkg1YpA3EHY7Y3YdpYsYNYRY4YPYaIEGJ07kmVlOlkn0q4i/sGh5Y:UU8bypA3E4UIdKpmi9wrreRyk0q4i//o"",""tlsh"":""T1C9933071EA000CE71F0714C5E32D773E312B978EAA134AD0BEEE99A16BC1970B6759"",""urlhaus_download"":""https://urlhaus-api.abuse.ch/v1/download/b432d544f48bb0c8887e368ca4bdc0d4af9932ebdc973702e4021aa6fffa86aa/"",""virustotal"":null}",null,null,null
abusemalware,2026-07-06T01:10:11.634Z,97561fc3e54b168d454b194990e55961403c0156a9753b927015edbf92d72a85,null,null,null,23fb9a7163a6dc26289e0b5bbccd4b001bf1cc88349bbe2da4dda31d4308ff86,null,FileHash-SHA256,null,2026-07-06T01:01:12.000Z,null,null,950589,html,null,null,null,"{""file_size"":""950589"",""file_type"":""html"",""firstseen"":""2026-07-06 01:01:12"",""imphash"":null,""md5_hash"":""bbe8b33f25f51f746f0393d9bd9f79cd"",""sha256_hash"":""23fb9a7163a6dc26289e0b5bbccd4b001bf1cc88349bbe2da4dda31d4308ff86"",""signature"":null,""ssdeep"":""6144:PCGq3j6/8+Gq3j6/8+Iq3j6/8+tq3j6/8+eq3j6/8++IV2QISNt1/mbm4wrgAPfA:PC4IVObm9EAP50RH"",""tlsh"":""T13715B6DF9231A13FF833A5F5D6C5A946F2958DD1F5060AB6BC70AA1343EBAE612413"",""urlhaus_download"":""https://urlhaus-api.abuse.ch/v1/download/23fb9a7163a6dc26289e0b5bbccd4b001bf1cc88349bbe2da4dda31d4308ff86/"",""virustotal"":null}",null,null,null
abusemalware,2026-07-06T01:10:11.634Z,f56ed61bbe85803a865e018ec080cf285e942c2843b3ae2b8c5fea9b6a5f3fe2,null,null,null,T1DBD1A786ACF32919640B506CCBBEB21830599057870ACD9CFECC75A8DF4D1A89626F,null,FileHash-TLSH,null,2026-07-06T01:03:18.000Z,null,null,6716,html,null,null,null,"{""file_size"":""6716"",""file_type"":""html"",""firstseen"":""2026-07-06 01:03:18"",""imphash"":null,""md5_hash"":""58697bd8f7e83e6002bf40a551b570f8"",""sha256_hash"":""4ddc1532196a75d403a9685ac59a40bb53ec4f34fa3841fa9c9234955d5acd41"",""signature"":null,""ssdeep"":""192:OUQ2tNonIE/CTKoyueeaYoHsfOBro2Tc/e:O4yIJaYoHsfO2/e"",""tlsh"":""T1DBD1A786ACF32919640B506CCBBEB21830599057870ACD9CFECC75A8DF4D1A89626F"",""urlhaus_download"":""https://urlhaus-api.abuse.ch/v1/download/4ddc1532196a75d403a9685ac59a40bb53ec4f34fa3841fa9c9234955d5acd41/"",""virustotal"":null}",null,null,null
abusemalware,2026-07-06T01:10:11.634Z,54b9d27352f64f3b4a14205220ebcb651c8d437e1d37520798a2087a73359f59,null,null,null,6eff08ab0b95369b0cdbf07ed1e45a45,null,FileHash-MD5,null,2026-07-06T01:03:08.000Z,null,null,4635,html,null,null,null,"{""file_size"":""4635"",""file_type"":""html"",""firstseen"":""2026-07-06 01:03:08"",""imphash"":null,""md5_hash"":""6eff08ab0b95369b0cdbf07ed1e45a45"",""sha256_hash"":""f010f0e910cca05928f46d4121148075d05e8f98ce8af7551474e7fd4591df1c"",""signature"":null,""ssdeep"":""96:nItDJYtoAJS8ffKH1NPIX4rDJcs01cq4o5nZ2nX12epKED7B6YI:IVJYtoA1ffqzr/Jcs0BbHego7I"",""tlsh"":""T196A11A76B785703E9BE110EAD07B972C763E921434078062D7ADFCE13D60E4A4097F"",""urlhaus_download"":""https://urlhaus-api.abuse.ch/v1/download/f010f0e910cca05928f46d4121148075d05e8f98ce8af7551474e7fd4591df1c/"",""virustotal"":null}",null,null,null
abusemalware,2026-07-06T01:10:11.634Z,f56ed61bbe85803a865e018ec080cf285e942c2843b3ae2b8c5fea9b6a5f3fe2,null,null,null,4ddc1532196a75d403a9685ac59a40bb53ec4f34fa3841fa9c9234955d5acd41,null,FileHash-SHA256,null,2026-07-06T01:03:18.000Z,null,null,6716,html,null,null,null,"{""file_size"":""6716"",""file_type"":""html"",""firstseen"":""2026-07-06 01:03:18"",""imphash"":null,""md5_hash"":""58697bd8f7e83e6002bf40a551b570f8"",""sha256_hash"":""4ddc1532196a75d403a9685ac59a40bb53ec4f34fa3841fa9c9234955d5acd41"",""signature"":null,""ssdeep"":""192:OUQ2tNonIE/CTKoyueeaYoHsfOBro2Tc/e:O4yIJaYoHsfO2/e"",""tlsh"":""T1DBD1A786ACF32919640B506CCBBEB21830599057870ACD9CFECC75A8DF4D1A89626F"",""urlhaus_download"":""https://urlhaus-api.abuse.ch/v1/download/4ddc1532196a75d403a9685ac59a40bb53ec4f34fa3841fa9c9234955d5acd41/"",""virustotal"":null}",null,null,null
abusemalware,2026-07-06T01:10:11.634Z,58b227283add99e1f44b3e7e512f1966294f664048079f5baf3df556c43cda71,null,null,null,2fa32e9e10f5fbdaef659cd383c4d22f00769bacc1b7eac7006fe6a0dc704aad,null,FileHash-SHA256,null,2026-07-06T01:02:20.000Z,null,null,145155,html,null,null,null,"{""file_size"":""145155"",""file_type"":""html"",""firstseen"":""2026-07-06 01:02:20"",""imphash"":null,""md5_hash"":""98a0876ac2be99a1c673ab99b61946f9"",""sha256_hash"":""2fa32e9e10f5fbdaef659cd383c4d22f00769bacc1b7eac7006fe6a0dc704aad"",""signature"":null,""ssdeep"":""1536:LItKhJaUS7N/2nw8IRWTUGWr527NJ2pNAz/NXVUTXhBIPWsUM/n4ziKZHWeS:LSKvu8ni1NAzFXVrPeM/nHKZHw"",""tlsh"":""T135E3FAC8B6A1B49593A3B4B5002F000BB23A6CAAF45C9CACF18DD5E26F74559413BF"",""urlhaus_download"":""https://urlhaus-api.abuse.ch/v1/download/2fa32e9e10f5fbdaef659cd383c4d22f00769bacc1b7eac7006fe6a0dc704aad/"",""virustotal"":null}",null,null,null
abusemalware,2026-07-06T01:10:11.634Z,58b227283add99e1f44b3e7e512f1966294f664048079f5baf3df556c43cda71,null,null,null,1536:LItKhJaUS7N/2nw8IRWTUGWr527NJ2pNAz/NXVUTXhBIPWsUM/n4ziKZHWeS:LSKvu8ni1NAzFXVrPeM/nHKZHw,null,FileHash-SSDEEP,null,2026-07-06T01:02:20.000Z,null,null,145155,html,null,null,null,"{""file_size"":""145155"",""file_type"":""html"",""firstseen"":""2026-07-06 01:02:20"",""imphash"":null,""md5_hash"":""98a0876ac2be99a1c673ab99b61946f9"",""sha256_hash"":""2fa32e9e10f5fbdaef659cd383c4d22f00769bacc1b7eac7006fe6a0dc704aad"",""signature"":null,""ssdeep"":""1536:LItKhJaUS7N/2nw8IRWTUGWr527NJ2pNAz/NXVUTXhBIPWsUM/n4ziKZHWeS:LSKvu8ni1NAzFXVrPeM/nHKZHw"",""tlsh"":""T135E3FAC8B6A1B49593A3B4B5002F000BB23A6CAAF45C9CACF18DD5E26F74559413BF"",""urlhaus_download"":""https://urlhaus-api.abuse.ch/v1/download/2fa32e9e10f5fbdaef659cd383c4d22f00769bacc1b7eac7006fe6a0dc704aad/"",""virustotal"":null}",null,null,null
abusemalware,2026-07-06T01:10:11.634Z,54b9d27352f64f3b4a14205220ebcb651c8d437e1d37520798a2087a73359f59,null,null,null,96:nItDJYtoAJS8ffKH1NPIX4rDJcs01cq4o5nZ2nX12epKED7B6YI:IVJYtoA1ffqzr/Jcs0BbHego7I,null,FileHash-SSDEEP,null,2026-07-06T01:03:08.000Z,null,null,4635,html,null,null,null,"{""file_size"":""4635"",""file_type"":""html"",""firstseen"":""2026-07-06 01:03:08"",""imphash"":null,""md5_hash"":""6eff08ab0b95369b0cdbf07ed1e45a45"",""sha256_hash"":""f010f0e910cca05928f46d4121148075d05e8f98ce8af7551474e7fd4591df1c"",""signature"":null,""ssdeep"":""96:nItDJYtoAJS8ffKH1NPIX4rDJcs01cq4o5nZ2nX12epKED7B6YI:IVJYtoA1ffqzr/Jcs0BbHego7I"",""tlsh"":""T196A11A76B785703E9BE110EAD07B972C763E921434078062D7ADFCE13D60E4A4097F"",""urlhaus_download"":""https://urlhaus-api.abuse.ch/v1/download/f010f0e910cca05928f46d4121148075d05e8f98ce8af7551474e7fd4591df1c/"",""virustotal"":null}",null,null,null
abusemalware,2026-07-06T01:10:11.634Z,97561fc3e54b168d454b194990e55961403c0156a9753b927015edbf92d72a85,null,null,null,6144:PCGq3j6/8+Gq3j6/8+Iq3j6/8+tq3j6/8+eq3j6/8++IV2QISNt1/mbm4wrgAPfA:PC4IVObm9EAP50RH,null,FileHash-SSDEEP,null,2026-07-06T01:01:12.000Z,null,null,950589,html,null,null,null,"{""file_size"":""950589"",""file_type"":""html"",""firstseen"":""2026-07-06 01:01:12"",""imphash"":null,""md5_hash"":""bbe8b33f25f51f746f0393d9bd9f79cd"",""sha256_hash"":""23fb9a7163a6dc26289e0b5bbccd4b001bf1cc88349bbe2da4dda31d4308ff86"",""signature"":null,""ssdeep"":""6144:PCGq3j6/8+Gq3j6/8+Iq3j6/8+tq3j6/8+eq3j6/8++IV2QISNt1/mbm4wrgAPfA:PC4IVObm9EAP50RH"",""tlsh"":""T13715B6DF9231A13FF833A5F5D6C5A946F2958DD1F5060AB6BC70AA1343EBAE612413"",""urlhaus_download"":""https://urlhaus-api.abuse.ch/v1/download/23fb9a7163a6dc26289e0b5bbccd4b001bf1cc88349bbe2da4dda31d4308ff86/"",""virustotal"":null}",null,null,null
abusemalware,2026-07-06T01:10:11.634Z,8f64dc4f63ff3a958f24bab35dfd433323718b7fe238c6cebbda0b3e877a6100,null,null,null,T138136C6526913C28AE9998371D7E1F0CBDAA83E2310491DDBFCB3CF18C19A9CD2187,null,FileHash-TLSH,null,2026-07-06T01:06:57.000Z,null,null,45517,sh,null,null,null,"{""file_size"":""45517"",""file_type"":""sh"",""firstseen"":""2026-07-06 01:06:57"",""imphash"":null,""md5_hash"":""39f30afbc5e2c11383b60ae8e769621b"",""sha256_hash"":""a7a2d9d304e931bae66a1059abb0b9eeb7f70b67c64981227bcb22b2205a9493"",""signature"":null,""ssdeep"":""768:pXRWNGxV49GKYpr9GKYp82fkR4nnA9GKYpr9GKYp82fkR4nnx:jlx3co"",""tlsh"":""T138136C6526913C28AE9998371D7E1F0CBDAA83E2310491DDBFCB3CF18C19A9CD2187"",""urlhaus_download"":""https://urlhaus-api.abuse.ch/v1/download/a7a2d9d304e931bae66a1059abb0b9eeb7f70b67c64981227bcb22b2205a9493/"",""virustotal"":null}",null,null,null
abusemalware,2026-07-06T01:10:11.634Z,0bb0d1e9b1ee5741e33187e6ccf13ac0b25e74706d8f3de4ab2bd2263725013e,null,null,null,24576:Rrt9KeKrhxMf23bPpvUyvZDFZBc1O2vqG1YdZcfC4s2TXheeei/nyT5tswAtd:qr4kDpvU2NFLcQ2vB1zke1/Ytswgd,null,FileHash-SSDEEP,null,2026-07-06T01:01:08.000Z,null,null,1578496,exe,null,null,null,"{""file_size"":""1578496"",""file_type"":""exe"",""firstseen"":""2026-07-06 01:01:08"",""imphash"":""87e83bda436138fd7844ecd76decc70d"",""md5_hash"":""f763f06a90edadff396f3c29ec41a2dc"",""sha256_hash"":""836f3f412e6ea2c6ca7a42259ef8b97579af05e1a10cd3c0fa20c5c4fc18df0c"",""signature"":null,""ssdeep"":""24576:Rrt9KeKrhxMf23bPpvUyvZDFZBc1O2vqG1YdZcfC4s2TXheeei/nyT5tswAtd:qr4kDpvU2NFLcQ2vB1zke1/Ytswgd"",""tlsh"":""T1CF7523C8FB0351B4D82B07341567F3BE1A79A4414A338E93D7C05BCBBCA6952298E7"",""urlhaus_download"":""https://urlhaus-api.abuse.ch/v1/download/836f3f412e6ea2c6ca7a42259ef8b97579af05e1a10cd3c0fa20c5c4fc18df0c/"",""virustotal"":null}",null,null,null
abusemalware,2026-07-06T01:10:11.634Z,dcab53971e4dcd1d18806a9ff7ba0a3b181edf58288aeded6533d29636c2e334,null,null,null,T1C9933071EA000CE71F0714C5E32D773E312B978EAA134AD0BEEE99A16BC1970B6759,null,FileHash-TLSH,null,2026-07-06T01:04:36.000Z,null,null,92721,html,null,null,null,"{""file_size"":""92721"",""file_type"":""html"",""firstseen"":""2026-07-06 01:04:36"",""imphash"":null,""md5_hash"":""e71537e32f12d5202b47b95e613720c5"",""sha256_hash"":""b432d544f48bb0c8887e368ca4bdc0d4af9932ebdc973702e4021aa6fffa86aa"",""signature"":null,""ssdeep"":""1536:UUf60p1wbdWkkg1YpA3EHY7Y3YdpYsYNYRY4YPYaIEGJ07kmVlOlkn0q4i/sGh5Y:UU8bypA3E4UIdKpmi9wrreRyk0q4i//o"",""tlsh"":""T1C9933071EA000CE71F0714C5E32D773E312B978EAA134AD0BEEE99A16BC1970B6759"",""urlhaus_download"":""https://urlhaus-api.abuse.ch/v1/download/b432d544f48bb0c8887e368ca4bdc0d4af9932ebdc973702e4021aa6fffa86aa/"",""virustotal"":null}",null,null,null
abusemalware,2026-07-06T01:10:11.634Z,58b227283add99e1f44b3e7e512f1966294f664048079f5baf3df556c43cda71,null,null,null,98a0876ac2be99a1c673ab99b61946f9,null,FileHash-MD5,null,2026-07-06T01:02:20.000Z,null,null,145155,html,null,null,null,"{""file_size"":""145155"",""file_type"":""html"",""firstseen"":""2026-07-06 01:02:20"",""imphash"":null,""md5_hash"":""98a0876ac2be99a1c673ab99b61946f9"",""sha256_hash"":""2fa32e9e10f5fbdaef659cd383c4d22f00769bacc1b7eac7006fe6a0dc704aad"",""signature"":null,""ssdeep"":""1536:LItKhJaUS7N/2nw8IRWTUGWr527NJ2pNAz/NXVUTXhBIPWsUM/n4ziKZHWeS:LSKvu8ni1NAzFXVrPeM/nHKZHw"",""tlsh"":""T135E3FAC8B6A1B49593A3B4B5002F000BB23A6CAAF45C9CACF18DD5E26F74559413BF"",""urlhaus_download"":""https://urlhaus-api.abuse.ch/v1/download/2fa32e9e10f5fbdaef659cd383c4d22f00769bacc1b7eac7006fe6a0dc704aad/"",""virustotal"":null}",null,null,null
abusemalware,2026-07-06T01:10:11.634Z,0bb0d1e9b1ee5741e33187e6ccf13ac0b25e74706d8f3de4ab2bd2263725013e,null,null,null,T1CF7523C8FB0351B4D82B07341567F3BE1A79A4414A338E93D7C05BCBBCA6952298E7,null,FileHash-TLSH,null,2026-07-06T01:01:08.000Z,null,null,1578496,exe,null,null,null,"{""file_size"":""1578496"",""file_type"":""exe"",""firstseen"":""2026-07-06 01:01:08"",""imphash"":""87e83bda436138fd7844ecd76decc70d"",""md5_hash"":""f763f06a90edadff396f3c29ec41a2dc"",""sha256_hash"":""836f3f412e6ea2c6ca7a42259ef8b97579af05e1a10cd3c0fa20c5c4fc18df0c"",""signature"":null,""ssdeep"":""24576:Rrt9KeKrhxMf23bPpvUyvZDFZBc1O2vqG1YdZcfC4s2TXheeei/nyT5tswAtd:qr4kDpvU2NFLcQ2vB1zke1/Ytswgd"",""tlsh"":""T1CF7523C8FB0351B4D82B07341567F3BE1A79A4414A338E93D7C05BCBBCA6952298E7"",""urlhaus_download"":""https://urlhaus-api.abuse.ch/v1/download/836f3f412e6ea2c6ca7a42259ef8b97579af05e1a10cd3c0fa20c5c4fc18df0c/"",""virustotal"":null}",null,null,null
abusemalware,2026-07-06T01:10:11.634Z,0bb0d1e9b1ee5741e33187e6ccf13ac0b25e74706d8f3de4ab2bd2263725013e,null,null,null,f763f06a90edadff396f3c29ec41a2dc,null,FileHash-MD5,null,2026-07-06T01:01:08.000Z,null,null,1578496,exe,null,null,null,"{""file_size"":""1578496"",""file_type"":""exe"",""firstseen"":""2026-07-06 01:01:08"",""imphash"":""87e83bda436138fd7844ecd76decc70d"",""md5_hash"":""f763f06a90edadff396f3c29ec41a2dc"",""sha256_hash"":""836f3f412e6ea2c6ca7a42259ef8b97579af05e1a10cd3c0fa20c5c4fc18df0c"",""signature"":null,""ssdeep"":""24576:Rrt9KeKrhxMf23bPpvUyvZDFZBc1O2vqG1YdZcfC4s2TXheeei/nyT5tswAtd:qr4kDpvU2NFLcQ2vB1zke1/Ytswgd"",""tlsh"":""T1CF7523C8FB0351B4D82B07341567F3BE1A79A4414A338E93D7C05BCBBCA6952298E7"",""urlhaus_download"":""https://urlhaus-api.abuse.ch/v1/download/836f3f412e6ea2c6ca7a42259ef8b97579af05e1a10cd3c0fa20c5c4fc18df0c/"",""virustotal"":null}",null,null,null
abusemalware,2026-07-06T01:10:11.634Z,dcab53971e4dcd1d18806a9ff7ba0a3b181edf58288aeded6533d29636c2e334,null,null,null,1536:UUf60p1wbdWkkg1YpA3EHY7Y3YdpYsYNYRY4YPYaIEGJ07kmVlOlkn0q4i/sGh5Y:UU8bypA3E4UIdKpmi9wrreRyk0q4i//o,null,FileHash-SSDEEP,null,2026-07-06T01:04:36.000Z,null,null,92721,html,null,null,null,"{""file_size"":""92721"",""file_type"":""html"",""firstseen"":""2026-07-06 01:04:36"",""imphash"":null,""md5_hash"":""e71537e32f12d5202b47b95e613720c5"",""sha256_hash"":""b432d544f48bb0c8887e368ca4bdc0d4af9932ebdc973702e4021aa6fffa86aa"",""signature"":null,""ssdeep"":""1536:UUf60p1wbdWkkg1YpA3EHY7Y3YdpYsYNYRY4YPYaIEGJ07kmVlOlkn0q4i/sGh5Y:UU8bypA3E4UIdKpmi9wrreRyk0q4i//o"",""tlsh"":""T1C9933071EA000CE71F0714C5E32D773E312B978EAA134AD0BEEE99A16BC1970B6759"",""urlhaus_download"":""https://urlhaus-api.abuse.ch/v1/download/b432d544f48bb0c8887e368ca4bdc0d4af9932ebdc973702e4021aa6fffa86aa/"",""virustotal"":null}",null,null,null
abusemalware,2026-07-06T01:10:11.634Z,f56ed61bbe85803a865e018ec080cf285e942c2843b3ae2b8c5fea9b6a5f3fe2,null,null,null,192:OUQ2tNonIE/CTKoyueeaYoHsfOBro2Tc/e:O4yIJaYoHsfO2/e,null,FileHash-SSDEEP,null,2026-07-06T01:03:18.000Z,null,null,6716,html,null,null,null,"{""file_size"":""6716"",""file_type"":""html"",""firstseen"":""2026-07-06 01:03:18"",""imphash"":null,""md5_hash"":""58697bd8f7e83e6002bf40a551b570f8"",""sha256_hash"":""4ddc1532196a75d403a9685ac59a40bb53ec4f34fa3841fa9c9234955d5acd41"",""signature"":null,""ssdeep"":""192:OUQ2tNonIE/CTKoyueeaYoHsfOBro2Tc/e:O4yIJaYoHsfO2/e"",""tlsh"":""T1DBD1A786ACF32919640B506CCBBEB21830599057870ACD9CFECC75A8DF4D1A89626F"",""urlhaus_download"":""https://urlhaus-api.abuse.ch/v1/download/4ddc1532196a75d403a9685ac59a40bb53ec4f34fa3841fa9c9234955d5acd41/"",""virustotal"":null}",null,null,null
abusemalware,2026-07-06T01:10:11.634Z,4d1712dc0d508c2b78d097a631b05c945723ee98670d15e551211e1431b51dcb,null,null,null,T1AFD02E636273223090E38891FAC2A400B2010B3E1C49A66EF00B16B06F0A348B8C13,null,FileHash-TLSH,null,2026-07-06T00:55:17.000Z,null,null,263,sh,null,null,null,"{""file_size"":""263"",""file_type"":""sh"",""firstseen"":""2026-07-06 00:55:17"",""imphash"":null,""md5_hash"":""b2aa5a96937b777f3abd3db4b900aa73"",""sha256_hash"":""7d6005eb2ecd6880d6488ab364ab9edace9ec73f40ebe459f7c141ee5494b6b0"",""signature"":null,""ssdeep"":""6:hT3w91atQnSSPnBLZbAulNXYq4HvXDG+NjVsNXYrkJ:VA91rxdZbPiq4HvXDGmKi2"",""tlsh"":""T1AFD02E636273223090E38891FAC2A400B2010B3E1C49A66EF00B16B06F0A348B8C13"",""urlhaus_download"":""https://urlhaus-api.abuse.ch/v1/download/7d6005eb2ecd6880d6488ab364ab9edace9ec73f40ebe459f7c141ee5494b6b0/"",""virustotal"":null}",null,null,null
abusemalware,2026-07-06T01:10:11.634Z,eaf328d9e9cf4bc08834452333edf559927f0fd5879a072b6689cd51accbf594,null,null,null,1536:y0t+xJJaUS7N/2nk5IRR+UFCWr527NJ2pNAz/NXVUTXhBIPWsUM/n4ziKZHWeS:ym+xnu8nH1NAzFXVrPeM/nHKZHw,null,FileHash-SSDEEP,null,2026-07-06T01:07:24.000Z,null,null,148453,html,null,null,null,"{""file_size"":""148453"",""file_type"":""html"",""firstseen"":""2026-07-06 01:07:24"",""imphash"":null,""md5_hash"":""c54b4d1505242443573e8c969b777336"",""sha256_hash"":""f65f1db3a3ac83c79c434dd939db86bbf8dad1827856c6483a31c9be32726197"",""signature"":null,""ssdeep"":""1536:y0t+xJJaUS7N/2nk5IRR+UFCWr527NJ2pNAz/NXVUTXhBIPWsUM/n4ziKZHWeS:ym+xnu8nH1NAzFXVrPeM/nHKZHw"",""tlsh"":""T1E9E3FAC8B6A1B4A593A3B4F5012F010BB13A7C6AF4589CACF28DD5E16FB4559012BF"",""urlhaus_download"":""https://urlhaus-api.abuse.ch/v1/download/f65f1db3a3ac83c79c434dd939db86bbf8dad1827856c6483a31c9be32726197/"",""virustotal"":null}",null,null,null
abusemalware,2026-07-06T01:10:11.634Z,eaf328d9e9cf4bc08834452333edf559927f0fd5879a072b6689cd51accbf594,null,null,null,f65f1db3a3ac83c79c434dd939db86bbf8dad1827856c6483a31c9be32726197,null,FileHash-SHA256,null,2026-07-06T01:07:24.000Z,null,null,148453,html,null,null,null,"{""file_size"":""148453"",""file_type"":""html"",""firstseen"":""2026-07-06 01:07:24"",""imphash"":null,""md5_hash"":""c54b4d1505242443573e8c969b777336"",""sha256_hash"":""f65f1db3a3ac83c79c434dd939db86bbf8dad1827856c6483a31c9be32726197"",""signature"":null,""ssdeep"":""1536:y0t+xJJaUS7N/2nk5IRR+UFCWr527NJ2pNAz/NXVUTXhBIPWsUM/n4ziKZHWeS:ym+xnu8nH1NAzFXVrPeM/nHKZHw"",""tlsh"":""T1E9E3FAC8B6A1B4A593A3B4F5012F010BB13A7C6AF4589CACF28DD5E16FB4559012BF"",""urlhaus_download"":""https://urlhaus-api.abuse.ch/v1/download/f65f1db3a3ac83c79c434dd939db86bbf8dad1827856c6483a31c9be32726197/"",""virustotal"":null}",null,null,null
abusemalware,2026-07-06T01:10:11.634Z,58b227283add99e1f44b3e7e512f1966294f664048079f5baf3df556c43cda71,null,null,null,T135E3FAC8B6A1B49593A3B4B5002F000BB23A6CAAF45C9CACF18DD5E26F74559413BF,null,FileHash-TLSH,null,2026-07-06T01:02:20.000Z,null,null,145155,html,null,null,null,"{""file_size"":""145155"",""file_type"":""html"",""firstseen"":""2026-07-06 01:02:20"",""imphash"":null,""md5_hash"":""98a0876ac2be99a1c673ab99b61946f9"",""sha256_hash"":""2fa32e9e10f5fbdaef659cd383c4d22f00769bacc1b7eac7006fe6a0dc704aad"",""signature"":null,""ssdeep"":""1536:LItKhJaUS7N/2nw8IRWTUGWr527NJ2pNAz/NXVUTXhBIPWsUM/n4ziKZHWeS:LSKvu8ni1NAzFXVrPeM/nHKZHw"",""tlsh"":""T135E3FAC8B6A1B49593A3B4B5002F000BB23A6CAAF45C9CACF18DD5E26F74559413BF"",""urlhaus_download"":""https://urlhaus-api.abuse.ch/v1/download/2fa32e9e10f5fbdaef659cd383c4d22f00769bacc1b7eac7006fe6a0dc704aad/"",""virustotal"":null}",null,null,null
abusemalware,2026-07-06T01:10:11.634Z,7b30f6b2cb1d3a7e0b76b44bbcd8d53b4d6e825189787bf8bd656c74b7bdf0f7,null,null,null,1536:omtAJOJaUS7N/2npSIRD5UM4Wr527NJ2pNAz/NXVUTXhBIPWsUM/n4ziKZHWeS:oYAJWu8nF1NAzFXVrPeM/nHKZHw,null,FileHash-SSDEEP,null,2026-07-06T01:07:47.000Z,null,null,147844,html,null,null,null,"{""file_size"":""147844"",""file_type"":""html"",""firstseen"":""2026-07-06 01:07:47"",""imphash"":null,""md5_hash"":""cd94863a395ab522c49e8c0fc29a3a31"",""sha256_hash"":""e5cd912249a8a9a839a52b4315a12d87c286867a7345803b10d15265d7ffd7a1"",""signature"":null,""ssdeep"":""1536:omtAJOJaUS7N/2npSIRD5UM4Wr527NJ2pNAz/NXVUTXhBIPWsUM/n4ziKZHWeS:oYAJWu8nF1NAzFXVrPeM/nHKZHw"",""tlsh"":""T132E3FAC8B6A1B49593A3B4F5012F000BB23A7C6AF4589CACF28DD5E26F74559412BF"",""urlhaus_download"":""https://urlhaus-api.abuse.ch/v1/download/e5cd912249a8a9a839a52b4315a12d87c286867a7345803b10d15265d7ffd7a1/"",""virustotal"":null}",null,null,null
abusemalware,2026-07-06T01:10:11.634Z,97561fc3e54b168d454b194990e55961403c0156a9753b927015edbf92d72a85,null,null,null,T13715B6DF9231A13FF833A5F5D6C5A946F2958DD1F5060AB6BC70AA1343EBAE612413,null,FileHash-TLSH,null,2026-07-06T01:01:12.000Z,null,null,950589,html,null,null,null,"{""file_size"":""950589"",""file_type"":""html"",""firstseen"":""2026-07-06 01:01:12"",""imphash"":null,""md5_hash"":""bbe8b33f25f51f746f0393d9bd9f79cd"",""sha256_hash"":""23fb9a7163a6dc26289e0b5bbccd4b001bf1cc88349bbe2da4dda31d4308ff86"",""signature"":null,""ssdeep"":""6144:PCGq3j6/8+Gq3j6/8+Iq3j6/8+tq3j6/8+eq3j6/8++IV2QISNt1/mbm4wrgAPfA:PC4IVObm9EAP50RH"",""tlsh"":""T13715B6DF9231A13FF833A5F5D6C5A946F2958DD1F5060AB6BC70AA1343EBAE612413"",""urlhaus_download"":""https://urlhaus-api.abuse.ch/v1/download/23fb9a7163a6dc26289e0b5bbccd4b001bf1cc88349bbe2da4dda31d4308ff86/"",""virustotal"":null}",null,null,null
abusemalware,2026-07-06T01:10:11.634Z,0bb0d1e9b1ee5741e33187e6ccf13ac0b25e74706d8f3de4ab2bd2263725013e,null,null,null,836f3f412e6ea2c6ca7a42259ef8b97579af05e1a10cd3c0fa20c5c4fc18df0c,null,FileHash-SHA256,null,2026-07-06T01:01:08.000Z,null,null,1578496,exe,null,null,null,"{""file_size"":""1578496"",""file_type"":""exe"",""firstseen"":""2026-07-06 01:01:08"",""imphash"":""87e83bda436138fd7844ecd76decc70d"",""md5_hash"":""f763f06a90edadff396f3c29ec41a2dc"",""sha256_hash"":""836f3f412e6ea2c6ca7a42259ef8b97579af05e1a10cd3c0fa20c5c4fc18df0c"",""signature"":null,""ssdeep"":""24576:Rrt9KeKrhxMf23bPpvUyvZDFZBc1O2vqG1YdZcfC4s2TXheeei/nyT5tswAtd:qr4kDpvU2NFLcQ2vB1zke1/Ytswgd"",""tlsh"":""T1CF7523C8FB0351B4D82B07341567F3BE1A79A4414A338E93D7C05BCBBCA6952298E7"",""urlhaus_download"":""https://urlhaus-api.abuse.ch/v1/download/836f3f412e6ea2c6ca7a42259ef8b97579af05e1a10cd3c0fa20c5c4fc18df0c/"",""virustotal"":null}",null,null,null
abuseurl,2026-07-06T01:10:11.324Z,b4ec8cbbc9737f6d632e936da39725388fa34d83212cb71a96ace3f6cd6c12a7,null,null,null,http://27.215.126.241:41234/i,null,URL,3881143,2026-07-05T03:32:08.000Z,"{""blacklists"":{""spamhaus_dbl"":""not listed"",""surbl"":""not listed""},""date_added"":""2026-07-05 03:32:08 UTC"",""host"":""27.215.126.241"",""id"":""3881143"",""larted"":""true"",""reporter"":""GAYINT_DOT_ORG"",""tags"":[""Mozi""],""threat"":""malware_download"",""url"":""http://27.215.126.241:41234/i"",""url_status"":""offline"",""urlhaus_reference"":""https://urlhaus.abuse.ch/url/3881143/""}",null,null,null,null,null,null,null,null,null,null
abuseurl,2026-07-06T01:10:11.318Z,3db90225289289a7d08f3ed4edffc8a37498ac0bf624618c396eb4c709d5e8f8,null,null,null,http://182.123.245.51:60755/i,null,URL,3881427,2026-07-06T01:02:06.000Z,"{""blacklists"":{""spamhaus_dbl"":""not listed"",""surbl"":""not listed""},""date_added"":""2026-07-06 01:02:06 UTC"",""host"":""182.123.245.51"",""id"":""3881427"",""larted"":""true"",""reporter"":""GAYINT_DOT_ORG"",""tags"":[""Mozi""],""threat"":""malware_download"",""url"":""http://182.123.245.51:60755/i"",""url_status"":""online"",""urlhaus_reference"":""https://urlhaus.abuse.ch/url/3881427/""}",null,null,null,null,null,null,null,null,null,null
abuseurl,2026-07-06T01:10:11.318Z,30538bb50dd118402605fb1808341c3d290b664186c55a5adcc87e4337cfd604,null,null,null,http://59.180.157.78:46393/bin.sh,null,URL,3881428,2026-07-06T01:04:35.000Z,"{""blacklists"":{""spamhaus_dbl"":""not listed"",""surbl"":""not listed""},""date_added"":""2026-07-06 01:04:35 UTC"",""host"":""59.180.157.78"",""id"":""3881428"",""larted"":""true"",""reporter"":""geenensp"",""tags"":[""32-bit"",""elf"",""mips"",""Mozi""],""threat"":""malware_download"",""url"":""http://59.180.157.78:46393/bin.sh"",""url_status"":""online"",""urlhaus_reference"":""https://urlhaus.abuse.ch/url/3881428/""}",null,null,null,null,null,null,null,null,null,null
abuseurl,2026-07-06T01:10:11.318Z,1ff9534f19a177bc27fb14dd2836588e136b656286bb209aa0f20872eff3707a,null,null,null,http://110.37.61.44:49758/i,null,URL,3881429,2026-07-06T01:07:17.000Z,"{""blacklists"":{""spamhaus_dbl"":""not listed"",""surbl"":""not listed""},""date_added"":""2026-07-06 01:07:17 UTC"",""host"":""110.37.61.44"",""id"":""3881429"",""larted"":""true"",""reporter"":""geenensp"",""tags"":[""32-bit"",""arm"",""elf"",""Mozi""],""threat"":""malware_download"",""url"":""http://110.37.61.44:49758/i"",""url_status"":""online"",""urlhaus_reference"":""https://urlhaus.abuse.ch/url/3881429/""}",null,null,null,null,null,null,null,null,null,null
abuseurl,2026-07-06T01:10:11.318Z,dfe437dc0a24240251ddb9b213483569c6251a1eb705f7c945004a6b64641ddb,null,null,null,http://103.44.136.115:35447/i,null,URL,3881431,2026-07-06T01:09:26.000Z,"{""blacklists"":{""spamhaus_dbl"":""not listed"",""surbl"":""not listed""},""date_added"":""2026-07-06 01:09:26 UTC"",""host"":""103.44.136.115"",""id"":""3881431"",""larted"":""false"",""reporter"":""geenensp"",""tags"":[""32-bit"",""arm"",""elf"",""Mozi""],""threat"":""malware_download"",""url"":""http://103.44.136.115:35447/i"",""url_status"":""online"",""urlhaus_reference"":""https://urlhaus.abuse.ch/url/3881431/""}",null,null,null,null,null,null,null,null,null,null
abuseurl,2026-07-06T01:10:11.318Z,0b3770500d743f85bb79abfecd9ecd0d176513a881d17b0f8b22bbcd2e4d69bf,null,null,null,https://vfchqur.bahiscash.com/a086b290-ea2b-4fa5-9f7b-e4af8420b387,null,URL,3881425,2026-07-06T00:51:05.000Z,"{""blacklists"":{""spamhaus_dbl"":""not listed"",""surbl"":""not listed""},""date_added"":""2026-07-06 00:51:05 UTC"",""host"":""vfchqur.bahiscash.com"",""id"":""3881425"",""larted"":""false"",""reporter"":""anonymous"",""tags"":[""ClearFake"",""win-0x4679"",""windows""],""threat"":""malware_download"",""url"":""https://vfchqur.bahiscash.com/a086b290-ea2b-4fa5-9f7b-e4af8420b387"",""url_status"":""offline"",""urlhaus_reference"":""https://urlhaus.abuse.ch/url/3881425/""}",null,null,null,null,null,null,null,null,null,null
abuseurl,2026-07-06T01:10:11.318Z,5d77feb6a54da12aad87e9b10f8d33afa82686e6bb74c188cb69ff66fa776cbe,null,null,null,https://vqincjko.jetbahis.win/05d8a49b-5487-4fbd-ad61-70541e8ad7a4,null,URL,3881430,2026-07-06T01:08:05.000Z,"{""blacklists"":{""spamhaus_dbl"":""not listed"",""surbl"":""not listed""},""date_added"":""2026-07-06 01:08:05 UTC"",""host"":""vqincjko.jetbahis.win"",""id"":""3881430"",""larted"":""false"",""reporter"":""anonymous"",""tags"":[""ClearFake"",""win-0x0cd5"",""windows""],""threat"":""malware_download"",""url"":""https://vqincjko.jetbahis.win/05d8a49b-5487-4fbd-ad61-70541e8ad7a4"",""url_status"":""offline"",""urlhaus_reference"":""https://urlhaus.abuse.ch/url/3881430/""}",null,null,null,null,null,null,null,null,null,null
abuseurl,2026-07-06T01:10:11.318Z,95ead38470a25083178c678a3aee6c61f86d9e238afe0320ef22b99f018345f4,null,null,null,http://94.181.6.67:36395/bin.sh,null,URL,3881426,2026-07-06T00:53:25.000Z,"{""blacklists"":{""spamhaus_dbl"":""not listed"",""surbl"":""not listed""},""date_added"":""2026-07-06 00:53:25 UTC"",""host"":""94.181.6.67"",""id"":""3881426"",""larted"":""true"",""reporter"":""geenensp"",""tags"":[""32-bit"",""elf"",""mips"",""Mozi""],""threat"":""malware_download"",""url"":""http://94.181.6.67:36395/bin.sh"",""url_status"":""online"",""urlhaus_reference"":""https://urlhaus.abuse.ch/url/3881426/""}",null,null,null,null,null,null,null,null,null,null
abuseurl,2026-07-06T01:10:11.318Z,aa60a355d441ca55a6b87662f17d625288850771adedf03e5d3ed16573ec52ff,null,null,null,http://110.36.29.196:39125/bin.sh,null,URL,3881419,2026-07-06T00:22:14.000Z,"{""blacklists"":{""spamhaus_dbl"":""not listed"",""surbl"":""not listed""},""date_added"":""2026-07-06 00:22:14 UTC"",""host"":""110.36.29.196"",""id"":""3881419"",""larted"":""true"",""reporter"":""geenensp"",""tags"":[""32-bit"",""elf"",""mips"",""Mozi""],""threat"":""malware_download"",""url"":""http://110.36.29.196:39125/bin.sh"",""url_status"":""offline"",""urlhaus_reference"":""https://urlhaus.abuse.ch/url/3881419/""}",null,null,null,null,null,null,null,null,null,null
malwarebazaar,2026-07-06T01:00:12.125Z,09cb7803905ec511fb0ee9e99c10d7bb7bd39ea2323ddfef323011f0a5a1d092,null,null,null,T1EDE63344AAE012EDE2730238AE929196F0A5B4360B31CECFDF9CD6767D536F0483D656,null,FileHash-TLSH,null,2026-07-06T00:52:13.000Z,null,default.dat,14289072,exe,application/x-dosexec,null,"{""anonymous"":0,""code_sign"":[],""dhash_icon"":""7471f0e8e8e1f130"",""file_name"":""default.dat"",""file_size"":14289072,""file_type"":""exe"",""file_type_mime"":""application/x-dosexec"",""first_seen"":""2026-07-06 00:52:13"",""imphash"":""dcaf48c1f10b0efa0a4472200f3850ed"",""intelligence"":{""clamav"":null,""downloads"":""49"",""mail"":null,""uploads"":""1""},""last_seen"":null,""md5_hash"":""be685c063179a90c0b746c57f32e584d"",""origin_country"":""ES"",""reporter"":""iamaachum"",""sha1_hash"":""58fbeb266b931e01cf21e758712b670009e9eed3"",""sha256_hash"":""7e3a616ef675bb32783c7109970fc93ba418091007392f07052a49b144eaa081"",""sha3_384_hash"":""b60905363c01fc4b9d1d0dd35dd7b4de92cf2bd2755a8129192729f82265cf79c3875621269df399a74442af273ec779"",""signature"":null,""ssdeep"":""393216:XkeQx0wMj3I0MyzWSxXMCHWUjXMcuI3/PGTAI:XHRxXMb8XZH/O7"",""tags"":[""ClickFix"",""Efimer"",""exe""],""telfhash"":null,""tlsh"":""T1EDE63344AAE012EDE2730238AE929196F0A5B4360B31CECFDF9CD6767D536F0483D656""}",null,null,null,null
malwarebazaar,2026-07-06T01:00:12.125Z,a0f0fc93c6cac987962bfe9e4f0f3c8bb84e1122e4d0606f07e72791398bf838,null,null,null,T112D097A2B12301B110565D64F2C2B8A0F50487BE8EBC990ABA0334B09F09B09F8D2A51,null,FileHash-TLSH,null,2026-07-06T00:33:43.000Z,null,WSW0,266,sh,text/x-shellscript,null,"{""anonymous"":0,""code_sign"":[],""dhash_icon"":null,""file_name"":""WSW0"",""file_size"":266,""file_type"":""sh"",""file_type_mime"":""text/x-shellscript"",""first_seen"":""2026-07-06 00:33:43"",""imphash"":null,""intelligence"":{""clamav"":null,""downloads"":""26"",""mail"":null,""uploads"":""1""},""last_seen"":null,""md5_hash"":""09000f389ac0975e6e5ee1f31193686e"",""origin_country"":""DE"",""reporter"":""abuse_ch"",""sha1_hash"":""7a7da154c9a7722296d321aa65ae5fcd0af5cd2a"",""sha256_hash"":""3888f2bd1f97dcb4df53c622479010be225d60a3dd9e5daef67e5c78fcbdd520"",""sha3_384_hash"":""ddec158b33fc84fea0ab645c9fb835f36166986cbb523f65c4a878b0c8af74a4f3196a2921d4a93a5e7ac2e88a653177"",""signature"":null,""ssdeep"":""3:TKH4vLYzMOhxFhpEC13Vom4qQ9hqn1icsFZAutDMFsMLONFYqGSrP/c5c/DOOdK5:hT0Fh6lTasAulNXYq9DG+NjVsNXYrkJ"",""tags"":[""sh""],""telfhash"":null,""tlsh"":""T112D097A2B12301B110565D64F2C2B8A0F50487BE8EBC990ABA0334B09F09B09F8D2A51""}",null,null,null,null
malwarebazaar,2026-07-06T01:00:12.125Z,a0f0fc93c6cac987962bfe9e4f0f3c8bb84e1122e4d0606f07e72791398bf838,null,null,null,3888f2bd1f97dcb4df53c622479010be225d60a3dd9e5daef67e5c78fcbdd520,null,FileHash-SHA256,null,2026-07-06T00:33:43.000Z,null,WSW0,266,sh,text/x-shellscript,null,"{""anonymous"":0,""code_sign"":[],""dhash_icon"":null,""file_name"":""WSW0"",""file_size"":266,""file_type"":""sh"",""file_type_mime"":""text/x-shellscript"",""first_seen"":""2026-07-06 00:33:43"",""imphash"":null,""intelligence"":{""clamav"":null,""downloads"":""26"",""mail"":null,""uploads"":""1""},""last_seen"":null,""md5_hash"":""09000f389ac0975e6e5ee1f31193686e"",""origin_country"":""DE"",""reporter"":""abuse_ch"",""sha1_hash"":""7a7da154c9a7722296d321aa65ae5fcd0af5cd2a"",""sha256_hash"":""3888f2bd1f97dcb4df53c622479010be225d60a3dd9e5daef67e5c78fcbdd520"",""sha3_384_hash"":""ddec158b33fc84fea0ab645c9fb835f36166986cbb523f65c4a878b0c8af74a4f3196a2921d4a93a5e7ac2e88a653177"",""signature"":null,""ssdeep"":""3:TKH4vLYzMOhxFhpEC13Vom4qQ9hqn1icsFZAutDMFsMLONFYqGSrP/c5c/DOOdK5:hT0Fh6lTasAulNXYq9DG+NjVsNXYrkJ"",""tags"":[""sh""],""telfhash"":null,""tlsh"":""T112D097A2B12301B110565D64F2C2B8A0F50487BE8EBC990ABA0334B09F09B09F8D2A51""}",null,null,null,null
malwarebazaar,2026-07-06T01:00:12.125Z,09cb7803905ec511fb0ee9e99c10d7bb7bd39ea2323ddfef323011f0a5a1d092,null,null,null,393216:XkeQx0wMj3I0MyzWSxXMCHWUjXMcuI3/PGTAI:XHRxXMb8XZH/O7,null,FileHash-SSDEEP,null,2026-07-06T00:52:13.000Z,null,default.dat,14289072,exe,application/x-dosexec,null,"{""anonymous"":0,""code_sign"":[],""dhash_icon"":""7471f0e8e8e1f130"",""file_name"":""default.dat"",""file_size"":14289072,""file_type"":""exe"",""file_type_mime"":""application/x-dosexec"",""first_seen"":""2026-07-06 00:52:13"",""imphash"":""dcaf48c1f10b0efa0a4472200f3850ed"",""intelligence"":{""clamav"":null,""downloads"":""49"",""mail"":null,""uploads"":""1""},""last_seen"":null,""md5_hash"":""be685c063179a90c0b746c57f32e584d"",""origin_country"":""ES"",""reporter"":""iamaachum"",""sha1_hash"":""58fbeb266b931e01cf21e758712b670009e9eed3"",""sha256_hash"":""7e3a616ef675bb32783c7109970fc93ba418091007392f07052a49b144eaa081"",""sha3_384_hash"":""b60905363c01fc4b9d1d0dd35dd7b4de92cf2bd2755a8129192729f82265cf79c3875621269df399a74442af273ec779"",""signature"":null,""ssdeep"":""393216:XkeQx0wMj3I0MyzWSxXMCHWUjXMcuI3/PGTAI:XHRxXMb8XZH/O7"",""tags"":[""ClickFix"",""Efimer"",""exe""],""telfhash"":null,""tlsh"":""T1EDE63344AAE012EDE2730238AE929196F0A5B4360B31CECFDF9CD6767D536F0483D656""}",null,null,null,null
malwarebazaar,2026-07-06T01:00:12.125Z,a0f0fc93c6cac987962bfe9e4f0f3c8bb84e1122e4d0606f07e72791398bf838,null,null,null,3:TKH4vLYzMOhxFhpEC13Vom4qQ9hqn1icsFZAutDMFsMLONFYqGSrP/c5c/DOOdK5:hT0Fh6lTasAulNXYq9DG+NjVsNXYrkJ,null,FileHash-SSDEEP,null,2026-07-06T00:33:43.000Z,null,WSW0,266,sh,text/x-shellscript,null,"{""anonymous"":0,""code_sign"":[],""dhash_icon"":null,""file_name"":""WSW0"",""file_size"":266,""file_type"":""sh"",""file_type_mime"":""text/x-shellscript"",""first_seen"":""2026-07-06 00:33:43"",""imphash"":null,""intelligence"":{""clamav"":null,""downloads"":""26"",""mail"":null,""uploads"":""1""},""last_seen"":null,""md5_hash"":""09000f389ac0975e6e5ee1f31193686e"",""origin_country"":""DE"",""reporter"":""abuse_ch"",""sha1_hash"":""7a7da154c9a7722296d321aa65ae5fcd0af5cd2a"",""sha256_hash"":""3888f2bd1f97dcb4df53c622479010be225d60a3dd9e5daef67e5c78fcbdd520"",""sha3_384_hash"":""ddec158b33fc84fea0ab645c9fb835f36166986cbb523f65c4a878b0c8af74a4f3196a2921d4a93a5e7ac2e88a653177"",""signature"":null,""ssdeep"":""3:TKH4vLYzMOhxFhpEC13Vom4qQ9hqn1icsFZAutDMFsMLONFYqGSrP/c5c/DOOdK5:hT0Fh6lTasAulNXYq9DG+NjVsNXYrkJ"",""tags"":[""sh""],""telfhash"":null,""tlsh"":""T112D097A2B12301B110565D64F2C2B8A0F50487BE8EBC990ABA0334B09F09B09F8D2A51""}",null,null,null,null
malwarebazaar,2026-07-06T01:00:12.125Z,09cb7803905ec511fb0ee9e99c10d7bb7bd39ea2323ddfef323011f0a5a1d092,null,null,null,7e3a616ef675bb32783c7109970fc93ba418091007392f07052a49b144eaa081,null,FileHash-SHA256,null,2026-07-06T00:52:13.000Z,null,default.dat,14289072,exe,application/x-dosexec,null,"{""anonymous"":0,""code_sign"":[],""dhash_icon"":""7471f0e8e8e1f130"",""file_name"":""default.dat"",""file_size"":14289072,""file_type"":""exe"",""file_type_mime"":""application/x-dosexec"",""first_seen"":""2026-07-06 00:52:13"",""imphash"":""dcaf48c1f10b0efa0a4472200f3850ed"",""intelligence"":{""clamav"":null,""downloads"":""49"",""mail"":null,""uploads"":""1""},""last_seen"":null,""md5_hash"":""be685c063179a90c0b746c57f32e584d"",""origin_country"":""ES"",""reporter"":""iamaachum"",""sha1_hash"":""58fbeb266b931e01cf21e758712b670009e9eed3"",""sha256_hash"":""7e3a616ef675bb32783c7109970fc93ba418091007392f07052a49b144eaa081"",""sha3_384_hash"":""b60905363c01fc4b9d1d0dd35dd7b4de92cf2bd2755a8129192729f82265cf79c3875621269df399a74442af273ec779"",""signature"":null,""ssdeep"":""393216:XkeQx0wMj3I0MyzWSxXMCHWUjXMcuI3/PGTAI:XHRxXMb8XZH/O7"",""tags"":[""ClickFix"",""Efimer"",""exe""],""telfhash"":null,""tlsh"":""T1EDE63344AAE012EDE2730238AE929196F0A5B4360B31CECFDF9CD6767D536F0483D656""}",null,null,null,null
malwarebazaar,2026-07-06T01:00:12.125Z,a0f0fc93c6cac987962bfe9e4f0f3c8bb84e1122e4d0606f07e72791398bf838,null,null,null,09000f389ac0975e6e5ee1f31193686e,null,FileHash-MD5,null,2026-07-06T00:33:43.000Z,null,WSW0,266,sh,text/x-shellscript,null,"{""anonymous"":0,""code_sign"":[],""dhash_icon"":null,""file_name"":""WSW0"",""file_size"":266,""file_type"":""sh"",""file_type_mime"":""text/x-shellscript"",""first_seen"":""2026-07-06 00:33:43"",""imphash"":null,""intelligence"":{""clamav"":null,""downloads"":""26"",""mail"":null,""uploads"":""1""},""last_seen"":null,""md5_hash"":""09000f389ac0975e6e5ee1f31193686e"",""origin_country"":""DE"",""reporter"":""abuse_ch"",""sha1_hash"":""7a7da154c9a7722296d321aa65ae5fcd0af5cd2a"",""sha256_hash"":""3888f2bd1f97dcb4df53c622479010be225d60a3dd9e5daef67e5c78fcbdd520"",""sha3_384_hash"":""ddec158b33fc84fea0ab645c9fb835f36166986cbb523f65c4a878b0c8af74a4f3196a2921d4a93a5e7ac2e88a653177"",""signature"":null,""ssdeep"":""3:TKH4vLYzMOhxFhpEC13Vom4qQ9hqn1icsFZAutDMFsMLONFYqGSrP/c5c/DOOdK5:hT0Fh6lTasAulNXYq9DG+NjVsNXYrkJ"",""tags"":[""sh""],""telfhash"":null,""tlsh"":""T112D097A2B12301B110565D64F2C2B8A0F50487BE8EBC990ABA0334B09F09B09F8D2A51""}",null,null,null,null
malwarebazaar,2026-07-06T01:00:12.125Z,09cb7803905ec511fb0ee9e99c10d7bb7bd39ea2323ddfef323011f0a5a1d092,null,null,null,be685c063179a90c0b746c57f32e584d,null,FileHash-MD5,null,2026-07-06T00:52:13.000Z,null,default.dat,14289072,exe,application/x-dosexec,null,"{""anonymous"":0,""code_sign"":[],""dhash_icon"":""7471f0e8e8e1f130"",""file_name"":""default.dat"",""file_size"":14289072,""file_type"":""exe"",""file_type_mime"":""application/x-dosexec"",""first_seen"":""2026-07-06 00:52:13"",""imphash"":""dcaf48c1f10b0efa0a4472200f3850ed"",""intelligence"":{""clamav"":null,""downloads"":""49"",""mail"":null,""uploads"":""1""},""last_seen"":null,""md5_hash"":""be685c063179a90c0b746c57f32e584d"",""origin_country"":""ES"",""reporter"":""iamaachum"",""sha1_hash"":""58fbeb266b931e01cf21e758712b670009e9eed3"",""sha256_hash"":""7e3a616ef675bb32783c7109970fc93ba418091007392f07052a49b144eaa081"",""sha3_384_hash"":""b60905363c01fc4b9d1d0dd35dd7b4de92cf2bd2755a8129192729f82265cf79c3875621269df399a74442af273ec779"",""signature"":null,""ssdeep"":""393216:XkeQx0wMj3I0MyzWSxXMCHWUjXMcuI3/PGTAI:XHRxXMb8XZH/O7"",""tags"":[""ClickFix"",""Efimer"",""exe""],""telfhash"":null,""tlsh"":""T1EDE63344AAE012EDE2730238AE929196F0A5B4360B31CECFDF9CD6767D536F0483D656""}",null,null,null,null
malwarebazaar,2026-07-06T01:00:12.125Z,09cb7803905ec511fb0ee9e99c10d7bb7bd39ea2323ddfef323011f0a5a1d092,null,null,null,b60905363c01fc4b9d1d0dd35dd7b4de92cf2bd2755a8129192729f82265cf79c3875621269df399a74442af273ec779,null,FileHash-SHA384,null,2026-07-06T00:52:13.000Z,null,default.dat,14289072,exe,application/x-dosexec,null,"{""anonymous"":0,""code_sign"":[],""dhash_icon"":""7471f0e8e8e1f130"",""file_name"":""default.dat"",""file_size"":14289072,""file_type"":""exe"",""file_type_mime"":""application/x-dosexec"",""first_seen"":""2026-07-06 00:52:13"",""imphash"":""dcaf48c1f10b0efa0a4472200f3850ed"",""intelligence"":{""clamav"":null,""downloads"":""49"",""mail"":null,""uploads"":""1""},""last_seen"":null,""md5_hash"":""be685c063179a90c0b746c57f32e584d"",""origin_country"":""ES"",""reporter"":""iamaachum"",""sha1_hash"":""58fbeb266b931e01cf21e758712b670009e9eed3"",""sha256_hash"":""7e3a616ef675bb32783c7109970fc93ba418091007392f07052a49b144eaa081"",""sha3_384_hash"":""b60905363c01fc4b9d1d0dd35dd7b4de92cf2bd2755a8129192729f82265cf79c3875621269df399a74442af273ec779"",""signature"":null,""ssdeep"":""393216:XkeQx0wMj3I0MyzWSxXMCHWUjXMcuI3/PGTAI:XHRxXMb8XZH/O7"",""tags"":[""ClickFix"",""Efimer"",""exe""],""telfhash"":null,""tlsh"":""T1EDE63344AAE012EDE2730238AE929196F0A5B4360B31CECFDF9CD6767D536F0483D656""}",null,null,null,null
malwarebazaar,2026-07-06T01:00:12.125Z,09cb7803905ec511fb0ee9e99c10d7bb7bd39ea2323ddfef323011f0a5a1d092,null,null,null,58fbeb266b931e01cf21e758712b670009e9eed3,null,FileHash-SHA1,null,2026-07-06T00:52:13.000Z,null,default.dat,14289072,exe,application/x-dosexec,null,"{""anonymous"":0,""code_sign"":[],""dhash_icon"":""7471f0e8e8e1f130"",""file_name"":""default.dat"",""file_size"":14289072,""file_type"":""exe"",""file_type_mime"":""application/x-dosexec"",""first_seen"":""2026-07-06 00:52:13"",""imphash"":""dcaf48c1f10b0efa0a4472200f3850ed"",""intelligence"":{""clamav"":null,""downloads"":""49"",""mail"":null,""uploads"":""1""},""last_seen"":null,""md5_hash"":""be685c063179a90c0b746c57f32e584d"",""origin_country"":""ES"",""reporter"":""iamaachum"",""sha1_hash"":""58fbeb266b931e01cf21e758712b670009e9eed3"",""sha256_hash"":""7e3a616ef675bb32783c7109970fc93ba418091007392f07052a49b144eaa081"",""sha3_384_hash"":""b60905363c01fc4b9d1d0dd35dd7b4de92cf2bd2755a8129192729f82265cf79c3875621269df399a74442af273ec779"",""signature"":null,""ssdeep"":""393216:XkeQx0wMj3I0MyzWSxXMCHWUjXMcuI3/PGTAI:XHRxXMb8XZH/O7"",""tags"":[""ClickFix"",""Efimer"",""exe""],""telfhash"":null,""tlsh"":""T1EDE63344AAE012EDE2730238AE929196F0A5B4360B31CECFDF9CD6767D536F0483D656""}",null,null,null,null
malwarebazaar,2026-07-06T01:00:12.125Z,a0f0fc93c6cac987962bfe9e4f0f3c8bb84e1122e4d0606f07e72791398bf838,null,null,null,ddec158b33fc84fea0ab645c9fb835f36166986cbb523f65c4a878b0c8af74a4f3196a2921d4a93a5e7ac2e88a653177,null,FileHash-SHA384,null,2026-07-06T00:33:43.000Z,null,WSW0,266,sh,text/x-shellscript,null,"{""anonymous"":0,""code_sign"":[],""dhash_icon"":null,""file_name"":""WSW0"",""file_size"":266,""file_type"":""sh"",""file_type_mime"":""text/x-shellscript"",""first_seen"":""2026-07-06 00:33:43"",""imphash"":null,""intelligence"":{""clamav"":null,""downloads"":""26"",""mail"":null,""uploads"":""1""},""last_seen"":null,""md5_hash"":""09000f389ac0975e6e5ee1f31193686e"",""origin_country"":""DE"",""reporter"":""abuse_ch"",""sha1_hash"":""7a7da154c9a7722296d321aa65ae5fcd0af5cd2a"",""sha256_hash"":""3888f2bd1f97dcb4df53c622479010be225d60a3dd9e5daef67e5c78fcbdd520"",""sha3_384_hash"":""ddec158b33fc84fea0ab645c9fb835f36166986cbb523f65c4a878b0c8af74a4f3196a2921d4a93a5e7ac2e88a653177"",""signature"":null,""ssdeep"":""3:TKH4vLYzMOhxFhpEC13Vom4qQ9hqn1icsFZAutDMFsMLONFYqGSrP/c5c/DOOdK5:hT0Fh6lTasAulNXYq9DG+NjVsNXYrkJ"",""tags"":[""sh""],""telfhash"":null,""tlsh"":""T112D097A2B12301B110565D64F2C2B8A0F50487BE8EBC990ABA0334B09F09B09F8D2A51""}",null,null,null,null
malwarebazaar,2026-07-06T01:00:12.125Z,a0f0fc93c6cac987962bfe9e4f0f3c8bb84e1122e4d0606f07e72791398bf838,null,null,null,7a7da154c9a7722296d321aa65ae5fcd0af5cd2a,null,FileHash-SHA1,null,2026-07-06T00:33:43.000Z,null,WSW0,266,sh,text/x-shellscript,null,"{""anonymous"":0,""code_sign"":[],""dhash_icon"":null,""file_name"":""WSW0"",""file_size"":266,""file_type"":""sh"",""file_type_mime"":""text/x-shellscript"",""first_seen"":""2026-07-06 00:33:43"",""imphash"":null,""intelligence"":{""clamav"":null,""downloads"":""26"",""mail"":null,""uploads"":""1""},""last_seen"":null,""md5_hash"":""09000f389ac0975e6e5ee1f31193686e"",""origin_country"":""DE"",""reporter"":""abuse_ch"",""sha1_hash"":""7a7da154c9a7722296d321aa65ae5fcd0af5cd2a"",""sha256_hash"":""3888f2bd1f97dcb4df53c622479010be225d60a3dd9e5daef67e5c78fcbdd520"",""sha3_384_hash"":""ddec158b33fc84fea0ab645c9fb835f36166986cbb523f65c4a878b0c8af74a4f3196a2921d4a93a5e7ac2e88a653177"",""signature"":null,""ssdeep"":""3:TKH4vLYzMOhxFhpEC13Vom4qQ9hqn1icsFZAutDMFsMLONFYqGSrP/c5c/DOOdK5:hT0Fh6lTasAulNXYq9DG+NjVsNXYrkJ"",""tags"":[""sh""],""telfhash"":null,""tlsh"":""T112D097A2B12301B110565D64F2C2B8A0F50487BE8EBC990ABA0334B09F09B09F8D2A51""}",null,null,null,null
abusemalware,2026-07-06T01:00:11.587Z,bcd019a03080b8eab6488ce6907c5b64f69ab317e6c3f2f11506f623b3d07b7f,null,null,null,5006298a9d5069435cddd75f827d5132,null,FileHash-MD5,null,2026-07-05T23:48:21.000Z,null,null,646140,html,null,null,null,"{""file_size"":""646140"",""file_type"":""html"",""firstseen"":""2026-07-05 23:48:21"",""imphash"":null,""md5_hash"":""5006298a9d5069435cddd75f827d5132"",""sha256_hash"":""167fed5e7aa9cab3447f70d9660cd85255945da5c18b088b5cf137a67fa25d27"",""signature"":null,""ssdeep"":""3072:22r8BYg1wLdL+LdLToC2sizEjzZ6uPapDPEBdD6jDfK:pg1wLdL+LdLT7H"",""tlsh"":""T14CD46922EAF38AFF207E7168E090AB9ED797C38393D63BF7215600524259A4D5D474"",""urlhaus_download"":""https://urlhaus-api.abuse.ch/v1/download/167fed5e7aa9cab3447f70d9660cd85255945da5c18b088b5cf137a67fa25d27/"",""virustotal"":null}",null,null,null
abusemalware,2026-07-06T01:00:11.587Z,bcd019a03080b8eab6488ce6907c5b64f69ab317e6c3f2f11506f623b3d07b7f,null,null,null,3072:22r8BYg1wLdL+LdLToC2sizEjzZ6uPapDPEBdD6jDfK:pg1wLdL+LdLT7H,null,FileHash-SSDEEP,null,2026-07-05T23:48:21.000Z,null,null,646140,html,null,null,null,"{""file_size"":""646140"",""file_type"":""html"",""firstseen"":""2026-07-05 23:48:21"",""imphash"":null,""md5_hash"":""5006298a9d5069435cddd75f827d5132"",""sha256_hash"":""167fed5e7aa9cab3447f70d9660cd85255945da5c18b088b5cf137a67fa25d27"",""signature"":null,""ssdeep"":""3072:22r8BYg1wLdL+LdLToC2sizEjzZ6uPapDPEBdD6jDfK:pg1wLdL+LdLT7H"",""tlsh"":""T14CD46922EAF38AFF207E7168E090AB9ED797C38393D63BF7215600524259A4D5D474"",""urlhaus_download"":""https://urlhaus-api.abuse.ch/v1/download/167fed5e7aa9cab3447f70d9660cd85255945da5c18b088b5cf137a67fa25d27/"",""virustotal"":null}",null,null,null
abusemalware,2026-07-06T01:00:11.587Z,bcd019a03080b8eab6488ce6907c5b64f69ab317e6c3f2f11506f623b3d07b7f,null,null,null,167fed5e7aa9cab3447f70d9660cd85255945da5c18b088b5cf137a67fa25d27,null,FileHash-SHA256,null,2026-07-05T23:48:21.000Z,null,null,646140,html,null,null,null,"{""file_size"":""646140"",""file_type"":""html"",""firstseen"":""2026-07-05 23:48:21"",""imphash"":null,""md5_hash"":""5006298a9d5069435cddd75f827d5132"",""sha256_hash"":""167fed5e7aa9cab3447f70d9660cd85255945da5c18b088b5cf137a67fa25d27"",""signature"":null,""ssdeep"":""3072:22r8BYg1wLdL+LdLToC2sizEjzZ6uPapDPEBdD6jDfK:pg1wLdL+LdLT7H"",""tlsh"":""T14CD46922EAF38AFF207E7168E090AB9ED797C38393D63BF7215600524259A4D5D474"",""urlhaus_download"":""https://urlhaus-api.abuse.ch/v1/download/167fed5e7aa9cab3447f70d9660cd85255945da5c18b088b5cf137a67fa25d27/"",""virustotal"":null}",null,null,null
abusemalware,2026-07-06T01:00:11.587Z,d3b3494a0035a2376f2082e4a434fe4ceaf5297bb8f79c1a5654790dd83e53e5,null,null,null,T1AA116DCA63547B521F8C4E18BC5B887D6A42C1E7B1BBA5D0E185CD38ADCC3007C65B,null,FileHash-TLSH,null,2026-07-06T00:03:19.000Z,null,null,912,sh,null,null,null,"{""file_size"":""912"",""file_type"":""sh"",""firstseen"":""2026-07-06 00:03:19"",""imphash"":null,""md5_hash"":""48a5d7bed11f5e16a4313f9528039603"",""sha256_hash"":""824f3fde1d14e67fbe30dd056eb6b01b86becc51f75c5dba09beba599841217b"",""signature"":null,""ssdeep"":""24:3J3E9GwsgNIxBXKrRfhPTks2np3vZmqhOghlHA:Sv0BXWpFTkxntZmqhFhlg"",""tlsh"":""T1AA116DCA63547B521F8C4E18BC5B887D6A42C1E7B1BBA5D0E185CD38ADCC3007C65B"",""urlhaus_download"":""https://urlhaus-api.abuse.ch/v1/download/824f3fde1d14e67fbe30dd056eb6b01b86becc51f75c5dba09beba599841217b/"",""virustotal"":null}",null,null,null
abusemalware,2026-07-06T01:00:11.586Z,0779552ff99e0a653959818f7c2e892929e94aa412b55f019390fafd2dd9eb2a,null,null,null,T17E8309327488582A210B428FD267336C70AFDCE2D611E5B6F6F632344BA5EE135B75,null,FileHash-TLSH,null,2026-07-06T00:53:57.000Z,null,null,85119,html,null,null,null,"{""file_size"":""85119"",""file_type"":""html"",""firstseen"":""2026-07-06 00:53:57"",""imphash"":null,""md5_hash"":""8a898e3329f831381440b99efd0aacf1"",""sha256_hash"":""9afd21cffffad349257fc21c28eb0b4e1bbe2943a604c339d9f7e89f1a43fa78"",""signature"":null,""ssdeep"":""1536:XJyp/QdMqpYJKNoCtpxD3tx2VDXpdyr2pbnuWawVN/:XEKltp9txAX/yr2pbuWdVN/"",""tlsh"":""T17E8309327488582A210B428FD267336C70AFDCE2D611E5B6F6F632344BA5EE135B75"",""urlhaus_download"":""https://urlhaus-api.abuse.ch/v1/download/9afd21cffffad349257fc21c28eb0b4e1bbe2943a604c339d9f7e89f1a43fa78/"",""virustotal"":null}",null,null,null
abusemalware,2026-07-06T01:00:11.586Z,492d34016f94bee208da15c0f2b4e6dfc29bf7c9ce107be9dc5d5ce48761a8dd,null,null,null,T187722F59E20B52B4C4EBC3339726962626F8BD052332963A9BED56314D92330F7246,null,FileHash-TLSH,null,2026-07-06T00:45:34.000Z,null,null,17408,exe,null,null,null,"{""file_size"":""17408"",""file_type"":""exe"",""firstseen"":""2026-07-06 00:45:34"",""imphash"":""4771e6f45e35660c0a3e9d4423dc0d86"",""md5_hash"":""a86e45f5adc99c51b201c1d2418b0fe0"",""sha256_hash"":""479f415d98be0b68a4e45943155efe7d4b8661632ac35a9a17b6abfffea07359"",""signature"":null,""ssdeep"":""192:ORSQ1enl9P76XbD9eIKEgDLiLlNmPyS39mK627lm20+3TOf3GbWtHGswkVq43VOm:ORh1wj76XVecCyS17JbW7wiq4lOF4/"",""tlsh"":""T187722F59E20B52B4C4EBC3339726962626F8BD052332963A9BED56314D92330F7246"",""urlhaus_download"":""https://urlhaus-api.abuse.ch/v1/download/479f415d98be0b68a4e45943155efe7d4b8661632ac35a9a17b6abfffea07359/"",""virustotal"":null}",null,null,null
abusemalware,2026-07-06T01:00:11.586Z,fab333ddb0f0da365456e824b2b52c909d1c4ecc05a56811dd0803f993056583,null,null,null,T165E3FAC8B6A1B4A593A3B4F5012F010BB13A7CAAF4589CACF28DD5E16F74559012BF,null,FileHash-TLSH,null,2026-07-06T00:59:03.000Z,null,null,148200,html,null,null,null,"{""file_size"":""148200"",""file_type"":""html"",""firstseen"":""2026-07-06 00:59:03"",""imphash"":null,""md5_hash"":""a251db9c9de768814c28b60c7e13e03a"",""sha256_hash"":""33098e3355863fa7173796f00e3c143bdac76d002bc167633cce1a63ec58b0c0"",""signature"":null,""ssdeep"":""1536:6qtzfIRJaUS7N/2nXybRSmUkWr527NJ2pNAz/NXVUTXhBIPWsUM/n4ziKZHWeS:6kzfI/u8n11NAzFXVrPeM/nHKZHw"",""tlsh"":""T165E3FAC8B6A1B4A593A3B4F5012F010BB13A7CAAF4589CACF28DD5E16F74559012BF"",""urlhaus_download"":""https://urlhaus-api.abuse.ch/v1/download/33098e3355863fa7173796f00e3c143bdac76d002bc167633cce1a63ec58b0c0/"",""virustotal"":null}",null,null,null
abusemalware,2026-07-06T01:00:11.586Z,492d34016f94bee208da15c0f2b4e6dfc29bf7c9ce107be9dc5d5ce48761a8dd,null,null,null,479f415d98be0b68a4e45943155efe7d4b8661632ac35a9a17b6abfffea07359,null,FileHash-SHA256,null,2026-07-06T00:45:34.000Z,null,null,17408,exe,null,null,null,"{""file_size"":""17408"",""file_type"":""exe"",""firstseen"":""2026-07-06 00:45:34"",""imphash"":""4771e6f45e35660c0a3e9d4423dc0d86"",""md5_hash"":""a86e45f5adc99c51b201c1d2418b0fe0"",""sha256_hash"":""479f415d98be0b68a4e45943155efe7d4b8661632ac35a9a17b6abfffea07359"",""signature"":null,""ssdeep"":""192:ORSQ1enl9P76XbD9eIKEgDLiLlNmPyS39mK627lm20+3TOf3GbWtHGswkVq43VOm:ORh1wj76XVecCyS17JbW7wiq4lOF4/"",""tlsh"":""T187722F59E20B52B4C4EBC3339726962626F8BD052332963A9BED56314D92330F7246"",""urlhaus_download"":""https://urlhaus-api.abuse.ch/v1/download/479f415d98be0b68a4e45943155efe7d4b8661632ac35a9a17b6abfffea07359/"",""virustotal"":null}",null,null,null
abusemalware,2026-07-06T01:00:11.586Z,d415550928b45228618c6d4bdd23dbdfd2017a298066cfe175cd4e5c489c5425,null,null,null,T16CE3FAC8B6A1B46593A3B4F5012F000BB13A7C6AF4589CACF28DD5E26F74559412BF,null,FileHash-TLSH,null,2026-07-06T00:46:35.000Z,null,null,147885,html,null,null,null,"{""file_size"":""147885"",""file_type"":""html"",""firstseen"":""2026-07-06 00:46:35"",""imphash"":null,""md5_hash"":""253b2243e4ac829d8545a4ea90dc2af4"",""sha256_hash"":""3832011eab8483b7d57451b2eb2ff23d3347c0c645a82cb694cd2798faa7126d"",""signature"":null,""ssdeep"":""1536:t9tELiJaUS7N/2nPKIR28dUPWr527NJ2pNAz/NXVUTXhBIPWsUM/n4ziKZHWeS:tbELyu8nT1NAzFXVrPeM/nHKZHw"",""tlsh"":""T16CE3FAC8B6A1B46593A3B4F5012F000BB13A7C6AF4589CACF28DD5E26F74559412BF"",""urlhaus_download"":""https://urlhaus-api.abuse.ch/v1/download/3832011eab8483b7d57451b2eb2ff23d3347c0c645a82cb694cd2798faa7126d/"",""virustotal"":null}",null,null,null
abusemalware,2026-07-06T01:00:11.586Z,87f0d51a0ec72e3828e0c28b42a9b89261d4801c07a1b7c3a52c62b81c997193,null,null,null,T132E3EAC8B6A1B4A593A3B4F5002F000BB23A6CAAF4589CACF14DD5E26F74559413BF,null,FileHash-TLSH,null,2026-07-06T00:50:17.000Z,null,null,145218,html,null,null,null,"{""file_size"":""145218"",""file_type"":""html"",""firstseen"":""2026-07-06 00:50:17"",""imphash"":null,""md5_hash"":""35ed43d2f2e444791962ade99560f5f8"",""sha256_hash"":""f56299c2df149770cf4ed0a637f906d2a73fd2d7e99ef569588bd085376d0d64"",""signature"":null,""ssdeep"":""1536:xYtG3JaUS7N/2nrjeR5/mUCWr527NJ2pNAz/NXVUTXhBIPWsUM/n4ziKZHWeS:xiG5u8nM1NAzFXVrPeM/nHKZHw"",""tlsh"":""T132E3EAC8B6A1B4A593A3B4F5002F000BB23A6CAAF4589CACF14DD5E26F74559413BF"",""urlhaus_download"":""https://urlhaus-api.abuse.ch/v1/download/f56299c2df149770cf4ed0a637f906d2a73fd2d7e99ef569588bd085376d0d64/"",""virustotal"":null}",null,null,null
abusemalware,2026-07-06T01:00:11.586Z,fab333ddb0f0da365456e824b2b52c909d1c4ecc05a56811dd0803f993056583,null,null,null,33098e3355863fa7173796f00e3c143bdac76d002bc167633cce1a63ec58b0c0,null,FileHash-SHA256,null,2026-07-06T00:59:03.000Z,null,null,148200,html,null,null,null,"{""file_size"":""148200"",""file_type"":""html"",""firstseen"":""2026-07-06 00:59:03"",""imphash"":null,""md5_hash"":""a251db9c9de768814c28b60c7e13e03a"",""sha256_hash"":""33098e3355863fa7173796f00e3c143bdac76d002bc167633cce1a63ec58b0c0"",""signature"":null,""ssdeep"":""1536:6qtzfIRJaUS7N/2nXybRSmUkWr527NJ2pNAz/NXVUTXhBIPWsUM/n4ziKZHWeS:6kzfI/u8n11NAzFXVrPeM/nHKZHw"",""tlsh"":""T165E3FAC8B6A1B4A593A3B4F5012F010BB13A7CAAF4589CACF28DD5E16F74559012BF"",""urlhaus_download"":""https://urlhaus-api.abuse.ch/v1/download/33098e3355863fa7173796f00e3c143bdac76d002bc167633cce1a63ec58b0c0/"",""virustotal"":null}",null,null,null
abusemalware,2026-07-06T01:00:11.586Z,d373fb11db4767615df8ff528cd053f5b17c383c50568c9e2c8939ba0d4c2c82,null,null,null,T1CFA12A767785303E5BE514EAD43BA758723E921138074022D7ADFCE23C20A8F809BF,null,FileHash-TLSH,null,2026-07-06T00:52:24.000Z,null,null,4693,html,null,null,null,"{""file_size"":""4693"",""file_type"":""html"",""firstseen"":""2026-07-06 00:52:24"",""imphash"":null,""md5_hash"":""13adcf6daf13eda3c89bdcea4502d783"",""sha256_hash"":""43be31da8619b5097551288514849ee939b64028cc6ef2c4ad78a006b3ca98ae"",""signature"":null,""ssdeep"":""96:nItDJYtoAJS8ffKH1NPIX4rDJcs01cq4o5nZLYWJtIXepKED7B6YI:IVJYtoA1ffqzr/Jcs0BbcWreego7I"",""tlsh"":""T1CFA12A767785303E5BE514EAD43BA758723E921138074022D7ADFCE23C20A8F809BF"",""urlhaus_download"":""https://urlhaus-api.abuse.ch/v1/download/43be31da8619b5097551288514849ee939b64028cc6ef2c4ad78a006b3ca98ae/"",""virustotal"":null}",null,null,null
abusemalware,2026-07-06T01:00:11.586Z,87f0d51a0ec72e3828e0c28b42a9b89261d4801c07a1b7c3a52c62b81c997193,null,null,null,1536:xYtG3JaUS7N/2nrjeR5/mUCWr527NJ2pNAz/NXVUTXhBIPWsUM/n4ziKZHWeS:xiG5u8nM1NAzFXVrPeM/nHKZHw,null,FileHash-SSDEEP,null,2026-07-06T00:50:17.000Z,null,null,145218,html,null,null,null,"{""file_size"":""145218"",""file_type"":""html"",""firstseen"":""2026-07-06 00:50:17"",""imphash"":null,""md5_hash"":""35ed43d2f2e444791962ade99560f5f8"",""sha256_hash"":""f56299c2df149770cf4ed0a637f906d2a73fd2d7e99ef569588bd085376d0d64"",""signature"":null,""ssdeep"":""1536:xYtG3JaUS7N/2nrjeR5/mUCWr527NJ2pNAz/NXVUTXhBIPWsUM/n4ziKZHWeS:xiG5u8nM1NAzFXVrPeM/nHKZHw"",""tlsh"":""T132E3EAC8B6A1B4A593A3B4F5002F000BB23A6CAAF4589CACF14DD5E26F74559413BF"",""urlhaus_download"":""https://urlhaus-api.abuse.ch/v1/download/f56299c2df149770cf4ed0a637f906d2a73fd2d7e99ef569588bd085376d0d64/"",""virustotal"":null}",null,null,null
abusemalware,2026-07-06T01:00:11.586Z,e73e15c6112ca984b7319c44c19da172818d042484b72f80f2b1b35ba97ec2ba,null,null,null,T19704E8409C75CD072CDA3FBD3CDA6E016E8A138265F00907BB645A6436F59FE31EA6,null,FileHash-TLSH,null,2026-07-06T01:00:00.000Z,null,null,179811,js,null,null,null,"{""file_size"":""179811"",""file_type"":""js"",""firstseen"":""2026-07-06 01:00:00"",""imphash"":null,""md5_hash"":""6b98a1a1b0e59d9aeabf94b72ab55557"",""sha256_hash"":""129341a2a51b665a764015ac447af5927481034ff0d478173bac046b38f38ec1"",""signature"":null,""ssdeep"":""3072:6VLy2ktkta7nveM7JmJyHmH0qs1jDw01j1ZL8z8BNm0y+4w+fodL/nZL0fEoWrrE:6VLsNGwNnwi5jXbS6JyxHqQuoGxUv4Ub"",""tlsh"":""T19704E8409C75CD072CDA3FBD3CDA6E016E8A138265F00907BB645A6436F59FE31EA6"",""urlhaus_download"":""https://urlhaus-api.abuse.ch/v1/download/129341a2a51b665a764015ac447af5927481034ff0d478173bac046b38f38ec1/"",""virustotal"":null}",null,null,null
abusemalware,2026-07-06T01:00:11.586Z,d373fb11db4767615df8ff528cd053f5b17c383c50568c9e2c8939ba0d4c2c82,null,null,null,96:nItDJYtoAJS8ffKH1NPIX4rDJcs01cq4o5nZLYWJtIXepKED7B6YI:IVJYtoA1ffqzr/Jcs0BbcWreego7I,null,FileHash-SSDEEP,null,2026-07-06T00:52:24.000Z,null,null,4693,html,null,null,null,"{""file_size"":""4693"",""file_type"":""html"",""firstseen"":""2026-07-06 00:52:24"",""imphash"":null,""md5_hash"":""13adcf6daf13eda3c89bdcea4502d783"",""sha256_hash"":""43be31da8619b5097551288514849ee939b64028cc6ef2c4ad78a006b3ca98ae"",""signature"":null,""ssdeep"":""96:nItDJYtoAJS8ffKH1NPIX4rDJcs01cq4o5nZLYWJtIXepKED7B6YI:IVJYtoA1ffqzr/Jcs0BbcWreego7I"",""tlsh"":""T1CFA12A767785303E5BE514EAD43BA758723E921138074022D7ADFCE23C20A8F809BF"",""urlhaus_download"":""https://urlhaus-api.abuse.ch/v1/download/43be31da8619b5097551288514849ee939b64028cc6ef2c4ad78a006b3ca98ae/"",""virustotal"":null}",null,null,null
abusemalware,2026-07-06T01:00:11.586Z,492d34016f94bee208da15c0f2b4e6dfc29bf7c9ce107be9dc5d5ce48761a8dd,null,null,null,192:ORSQ1enl9P76XbD9eIKEgDLiLlNmPyS39mK627lm20+3TOf3GbWtHGswkVq43VOm:ORh1wj76XVecCyS17JbW7wiq4lOF4/,null,FileHash-SSDEEP,null,2026-07-06T00:45:34.000Z,null,null,17408,exe,null,null,null,"{""file_size"":""17408"",""file_type"":""exe"",""firstseen"":""2026-07-06 00:45:34"",""imphash"":""4771e6f45e35660c0a3e9d4423dc0d86"",""md5_hash"":""a86e45f5adc99c51b201c1d2418b0fe0"",""sha256_hash"":""479f415d98be0b68a4e45943155efe7d4b8661632ac35a9a17b6abfffea07359"",""signature"":null,""ssdeep"":""192:ORSQ1enl9P76XbD9eIKEgDLiLlNmPyS39mK627lm20+3TOf3GbWtHGswkVq43VOm:ORh1wj76XVecCyS17JbW7wiq4lOF4/"",""tlsh"":""T187722F59E20B52B4C4EBC3339726962626F8BD052332963A9BED56314D92330F7246"",""urlhaus_download"":""https://urlhaus-api.abuse.ch/v1/download/479f415d98be0b68a4e45943155efe7d4b8661632ac35a9a17b6abfffea07359/"",""virustotal"":null}",null,null,null
abusemalware,2026-07-06T01:00:11.586Z,d415550928b45228618c6d4bdd23dbdfd2017a298066cfe175cd4e5c489c5425,null,null,null,1536:t9tELiJaUS7N/2nPKIR28dUPWr527NJ2pNAz/NXVUTXhBIPWsUM/n4ziKZHWeS:tbELyu8nT1NAzFXVrPeM/nHKZHw,null,FileHash-SSDEEP,null,2026-07-06T00:46:35.000Z,null,null,147885,html,null,null,null,"{""file_size"":""147885"",""file_type"":""html"",""firstseen"":""2026-07-06 00:46:35"",""imphash"":null,""md5_hash"":""253b2243e4ac829d8545a4ea90dc2af4"",""sha256_hash"":""3832011eab8483b7d57451b2eb2ff23d3347c0c645a82cb694cd2798faa7126d"",""signature"":null,""ssdeep"":""1536:t9tELiJaUS7N/2nPKIR28dUPWr527NJ2pNAz/NXVUTXhBIPWsUM/n4ziKZHWeS:tbELyu8nT1NAzFXVrPeM/nHKZHw"",""tlsh"":""T16CE3FAC8B6A1B46593A3B4F5012F000BB13A7C6AF4589CACF28DD5E26F74559412BF"",""urlhaus_download"":""https://urlhaus-api.abuse.ch/v1/download/3832011eab8483b7d57451b2eb2ff23d3347c0c645a82cb694cd2798faa7126d/"",""virustotal"":null}",null,null,null
abusemalware,2026-07-06T01:00:11.586Z,0779552ff99e0a653959818f7c2e892929e94aa412b55f019390fafd2dd9eb2a,null,null,null,1536:XJyp/QdMqpYJKNoCtpxD3tx2VDXpdyr2pbnuWawVN/:XEKltp9txAX/yr2pbuWdVN/,null,FileHash-SSDEEP,null,2026-07-06T00:53:57.000Z,null,null,85119,html,null,null,null,"{""file_size"":""85119"",""file_type"":""html"",""firstseen"":""2026-07-06 00:53:57"",""imphash"":null,""md5_hash"":""8a898e3329f831381440b99efd0aacf1"",""sha256_hash"":""9afd21cffffad349257fc21c28eb0b4e1bbe2943a604c339d9f7e89f1a43fa78"",""signature"":null,""ssdeep"":""1536:XJyp/QdMqpYJKNoCtpxD3tx2VDXpdyr2pbnuWawVN/:XEKltp9txAX/yr2pbuWdVN/"",""tlsh"":""T17E8309327488582A210B428FD267336C70AFDCE2D611E5B6F6F632344BA5EE135B75"",""urlhaus_download"":""https://urlhaus-api.abuse.ch/v1/download/9afd21cffffad349257fc21c28eb0b4e1bbe2943a604c339d9f7e89f1a43fa78/"",""virustotal"":null}",null,null,null
abusemalware,2026-07-06T01:00:11.586Z,d373fb11db4767615df8ff528cd053f5b17c383c50568c9e2c8939ba0d4c2c82,null,null,null,13adcf6daf13eda3c89bdcea4502d783,null,FileHash-MD5,null,2026-07-06T00:52:24.000Z,null,null,4693,html,null,null,null,"{""file_size"":""4693"",""file_type"":""html"",""firstseen"":""2026-07-06 00:52:24"",""imphash"":null,""md5_hash"":""13adcf6daf13eda3c89bdcea4502d783"",""sha256_hash"":""43be31da8619b5097551288514849ee939b64028cc6ef2c4ad78a006b3ca98ae"",""signature"":null,""ssdeep"":""96:nItDJYtoAJS8ffKH1NPIX4rDJcs01cq4o5nZLYWJtIXepKED7B6YI:IVJYtoA1ffqzr/Jcs0BbcWreego7I"",""tlsh"":""T1CFA12A767785303E5BE514EAD43BA758723E921138074022D7ADFCE23C20A8F809BF"",""urlhaus_download"":""https://urlhaus-api.abuse.ch/v1/download/43be31da8619b5097551288514849ee939b64028cc6ef2c4ad78a006b3ca98ae/"",""virustotal"":null}",null,null,null
abusemalware,2026-07-06T01:00:11.586Z,b75a1775be0de24fbb6b444c282963507930975074046e01d88246c28e1d4ca8,null,null,null,b282bdfeca0c890d6b1b1246bc18b37e,null,FileHash-MD5,null,2026-07-06T00:54:35.000Z,null,null,7450,json,null,null,null,"{""file_size"":""7450"",""file_type"":""json"",""firstseen"":""2026-07-06 00:54:35"",""imphash"":null,""md5_hash"":""b282bdfeca0c890d6b1b1246bc18b37e"",""sha256_hash"":""5ac349cbfedededb84b1104e56ea8eaf3d336f87de10866b2fbf105f0e811ef2"",""signature"":null,""ssdeep"":""96:eHabDxZTF5sm4Bs72COtI0xzewlzCLobjBh8s3LV:eYXF5stsCC2lzCU/BimLV"",""tlsh"":""T170E1316B30AC8632174395A617767F0CBCA07246882ED800379DCBAC17E5EE6CE473"",""urlhaus_download"":""https://urlhaus-api.abuse.ch/v1/download/5ac349cbfedededb84b1104e56ea8eaf3d336f87de10866b2fbf105f0e811ef2/"",""virustotal"":null}",null,null,null
abusemalware,2026-07-06T01:00:11.586Z,fab333ddb0f0da365456e824b2b52c909d1c4ecc05a56811dd0803f993056583,null,null,null,a251db9c9de768814c28b60c7e13e03a,null,FileHash-MD5,null,2026-07-06T00:59:03.000Z,null,null,148200,html,null,null,null,"{""file_size"":""148200"",""file_type"":""html"",""firstseen"":""2026-07-06 00:59:03"",""imphash"":null,""md5_hash"":""a251db9c9de768814c28b60c7e13e03a"",""sha256_hash"":""33098e3355863fa7173796f00e3c143bdac76d002bc167633cce1a63ec58b0c0"",""signature"":null,""ssdeep"":""1536:6qtzfIRJaUS7N/2nXybRSmUkWr527NJ2pNAz/NXVUTXhBIPWsUM/n4ziKZHWeS:6kzfI/u8n11NAzFXVrPeM/nHKZHw"",""tlsh"":""T165E3FAC8B6A1B4A593A3B4F5012F010BB13A7CAAF4589CACF28DD5E16F74559012BF"",""urlhaus_download"":""https://urlhaus-api.abuse.ch/v1/download/33098e3355863fa7173796f00e3c143bdac76d002bc167633cce1a63ec58b0c0/"",""virustotal"":null}",null,null,null
abusemalware,2026-07-06T01:00:11.586Z,b75a1775be0de24fbb6b444c282963507930975074046e01d88246c28e1d4ca8,null,null,null,5ac349cbfedededb84b1104e56ea8eaf3d336f87de10866b2fbf105f0e811ef2,null,FileHash-SHA256,null,2026-07-06T00:54:35.000Z,null,null,7450,json,null,null,null,"{""file_size"":""7450"",""file_type"":""json"",""firstseen"":""2026-07-06 00:54:35"",""imphash"":null,""md5_hash"":""b282bdfeca0c890d6b1b1246bc18b37e"",""sha256_hash"":""5ac349cbfedededb84b1104e56ea8eaf3d336f87de10866b2fbf105f0e811ef2"",""signature"":null,""ssdeep"":""96:eHabDxZTF5sm4Bs72COtI0xzewlzCLobjBh8s3LV:eYXF5stsCC2lzCU/BimLV"",""tlsh"":""T170E1316B30AC8632174395A617767F0CBCA07246882ED800379DCBAC17E5EE6CE473"",""urlhaus_download"":""https://urlhaus-api.abuse.ch/v1/download/5ac349cbfedededb84b1104e56ea8eaf3d336f87de10866b2fbf105f0e811ef2/"",""virustotal"":null}",null,null,null
abusemalware,2026-07-06T01:00:11.586Z,e73e15c6112ca984b7319c44c19da172818d042484b72f80f2b1b35ba97ec2ba,null,null,null,6b98a1a1b0e59d9aeabf94b72ab55557,null,FileHash-MD5,null,2026-07-06T01:00:00.000Z,null,null,179811,js,null,null,null,"{""file_size"":""179811"",""file_type"":""js"",""firstseen"":""2026-07-06 01:00:00"",""imphash"":null,""md5_hash"":""6b98a1a1b0e59d9aeabf94b72ab55557"",""sha256_hash"":""129341a2a51b665a764015ac447af5927481034ff0d478173bac046b38f38ec1"",""signature"":null,""ssdeep"":""3072:6VLy2ktkta7nveM7JmJyHmH0qs1jDw01j1ZL8z8BNm0y+4w+fodL/nZL0fEoWrrE:6VLsNGwNnwi5jXbS6JyxHqQuoGxUv4Ub"",""tlsh"":""T19704E8409C75CD072CDA3FBD3CDA6E016E8A138265F00907BB645A6436F59FE31EA6"",""urlhaus_download"":""https://urlhaus-api.abuse.ch/v1/download/129341a2a51b665a764015ac447af5927481034ff0d478173bac046b38f38ec1/"",""virustotal"":null}",null,null,null
abusemalware,2026-07-06T01:00:11.586Z,492d34016f94bee208da15c0f2b4e6dfc29bf7c9ce107be9dc5d5ce48761a8dd,null,null,null,a86e45f5adc99c51b201c1d2418b0fe0,null,FileHash-MD5,null,2026-07-06T00:45:34.000Z,null,null,17408,exe,null,null,null,"{""file_size"":""17408"",""file_type"":""exe"",""firstseen"":""2026-07-06 00:45:34"",""imphash"":""4771e6f45e35660c0a3e9d4423dc0d86"",""md5_hash"":""a86e45f5adc99c51b201c1d2418b0fe0"",""sha256_hash"":""479f415d98be0b68a4e45943155efe7d4b8661632ac35a9a17b6abfffea07359"",""signature"":null,""ssdeep"":""192:ORSQ1enl9P76XbD9eIKEgDLiLlNmPyS39mK627lm20+3TOf3GbWtHGswkVq43VOm:ORh1wj76XVecCyS17JbW7wiq4lOF4/"",""tlsh"":""T187722F59E20B52B4C4EBC3339726962626F8BD052332963A9BED56314D92330F7246"",""urlhaus_download"":""https://urlhaus-api.abuse.ch/v1/download/479f415d98be0b68a4e45943155efe7d4b8661632ac35a9a17b6abfffea07359/"",""virustotal"":null}",null,null,null
